[{"model": "admin.logentry", "pk": 1, "fields": {"action_time": "2021-12-21T20:15:03.498Z", "user": 1, "content_type": null, "object_id": "1", "object_repr": "T shirt", "action_flag": 1, "change_message": "[{\"added\": {}}]"}}, {"model": "admin.logentry", "pk": 2, "fields": {"action_time": "2021-12-21T20:16:18.236Z", "user": 1, "content_type": null, "object_id": "2", "object_repr": "shoes", "action_flag": 1, "change_message": "[{\"added\": {}}]"}}, {"model": "admin.logentry", "pk": 3, "fields": {"action_time": "2021-12-21T20:17:16.060Z", "user": 1, "content_type": null, "object_id": "3", "object_repr": "jackets", "action_flag": 1, "change_message": "[{\"added\": {}}]"}}, {"model": "admin.logentry", "pk": 4, "fields": {"action_time": "2021-12-21T20:17:40.333Z", "user": 1, "content_type": null, "object_id": "4", "object_repr": "Jeans", "action_flag": 1, "change_message": "[{\"added\": {}}]"}}, {"model": "admin.logentry", "pk": 5, "fields": {"action_time": "2021-12-21T20:18:07.989Z", "user": 1, "content_type": null, "object_id": "5", "object_repr": "Shirt", "action_flag": 1, "change_message": "[{\"added\": {}}]"}}, {"model": "admin.logentry", "pk": 6, "fields": {"action_time": "2021-12-21T20:18:43.298Z", "user": 1, "content_type": null, "object_id": "1", "object_repr": "T shirt", "action_flag": 2, "change_message": "[{\"changed\": {\"fields\": [\"Cat image\"]}}]"}}, {"model": "admin.logentry", "pk": 7, "fields": {"action_time": "2021-12-21T20:46:29.687Z", "user": 1, "content_type": null, "object_id": "1", "object_repr": "atx-jeans", "action_flag": 1, "change_message": "[{\"added\": {}}]"}}, {"model": "admin.logentry", "pk": 8, "fields": {"action_time": "2021-12-21T20:48:17.677Z", "user": 1, "content_type": null, "object_id": "2", "object_repr": "Blue Shirt", "action_flag": 1, "change_message": "[{\"added\": {}}]"}}, {"model": "admin.logentry", "pk": 9, "fields": {"action_time": "2021-12-21T20:49:08.373Z", "user": 1, "content_type": null, "object_id": "3", "object_repr": "Great Tshirt", "action_flag": 1, "change_message": "[{\"added\": {}}]"}}, {"model": "admin.logentry", "pk": 10, "fields": {"action_time": "2021-12-21T20:49:43.709Z", "user": 1, "content_type": null, "object_id": "4", "object_repr": "jorden", "action_flag": 1, "change_message": "[{\"added\": {}}]"}}, {"model": "admin.logentry", "pk": 11, "fields": {"action_time": "2021-12-21T20:50:11.034Z", "user": 1, "content_type": null, "object_id": "5", "object_repr": "puma", "action_flag": 1, "change_message": "[{\"added\": {}}]"}}, {"model": "admin.logentry", "pk": 12, "fields": {"action_time": "2021-12-21T20:50:38.436Z", "user": 1, "content_type": null, "object_id": "6", "object_repr": "jacket 1", "action_flag": 1, "change_message": "[{\"added\": {}}]"}}, {"model": "admin.logentry", "pk": 13, "fields": {"action_time": "2021-12-21T20:51:09.012Z", "user": 1, "content_type": null, "object_id": "7", "object_repr": "wrangler", "action_flag": 1, "change_message": "[{\"added\": {}}]"}}, {"model": "admin.logentry", "pk": 14, "fields": {"action_time": "2021-12-22T21:48:28.035Z", "user": 1, "content_type": null, "object_id": "3", "object_repr": "Great Tshirt", "action_flag": 2, "change_message": "[{\"changed\": {\"fields\": [\"Stock\"]}}]"}}, {"model": "admin.logentry", "pk": 15, "fields": {"action_time": "2022-01-19T20:10:02.867Z", "user": 1, "content_type": null, "object_id": "2", "object_repr": "anastas@gmail.com", "action_flag": 3, "change_message": ""}}, {"model": "admin.logentry", "pk": 16, "fields": {"action_time": "2022-01-19T20:10:03.251Z", "user": 1, "content_type": null, "object_id": "5", "object_repr": "asda@rydt.ft", "action_flag": 3, "change_message": ""}}, {"model": "admin.logentry", "pk": 17, "fields": {"action_time": "2022-01-19T20:10:03.375Z", "user": 1, "content_type": null, "object_id": "6", "object_repr": "b34diverb@gmail.com", "action_flag": 3, "change_message": ""}}, {"model": "admin.logentry", "pk": 18, "fields": {"action_time": "2022-01-19T20:10:03.484Z", "user": 1, "content_type": null, "object_id": "7", "object_repr": "bdiverb@gmail.com", "action_flag": 3, "change_message": ""}}, {"model": "admin.logentry", "pk": 19, "fields": {"action_time": "2022-01-19T20:10:03.591Z", "user": 1, "content_type": null, "object_id": "3", "object_repr": "bdiverdfgb@gmail.com", "action_flag": 3, "change_message": ""}}, {"model": "admin.logentry", "pk": 20, "fields": {"action_time": "2022-01-19T20:10:03.709Z", "user": 1, "content_type": null, "object_id": "4", "object_repr": "bdiverdfsgb@gmail.com", "action_flag": 3, "change_message": ""}}, {"model": "admin.logentry", "pk": 21, "fields": {"action_time": "2022-01-19T22:02:11.778Z", "user": 1, "content_type": null, "object_id": "9", "object_repr": "anastas@gmail.com", "action_flag": 3, "change_message": ""}}, {"model": "admin.logentry", "pk": 22, "fields": {"action_time": "2022-01-19T22:02:12.197Z", "user": 1, "content_type": null, "object_id": "8", "object_repr": "bdiverb@gmail.com", "action_flag": 3, "change_message": ""}}, {"model": "admin.logentry", "pk": 23, "fields": {"action_time": "2022-01-19T22:02:12.323Z", "user": 1, "content_type": null, "object_id": "10", "object_repr": "gamaley91@gmail.com", "action_flag": 3, "change_message": ""}}, {"model": "admin.logentry", "pk": 24, "fields": {"action_time": "2022-01-19T22:06:01.015Z", "user": 1, "content_type": null, "object_id": "11", "object_repr": "gamaley91@gmail.com", "action_flag": 3, "change_message": ""}}, {"model": "admin.logentry", "pk": 25, "fields": {"action_time": "2022-01-19T22:07:58.592Z", "user": 1, "content_type": null, "object_id": "12", "object_repr": "gamaley91@gmail.com", "action_flag": 3, "change_message": ""}}, {"model": "admin.logentry", "pk": 26, "fields": {"action_time": "2022-01-19T22:11:22.973Z", "user": 1, "content_type": null, "object_id": "13", "object_repr": "gamaley91@gmail.com", "action_flag": 3, "change_message": ""}}, {"model": "admin.logentry", "pk": 27, "fields": {"action_time": "2022-01-19T22:55:57.785Z", "user": 1, "content_type": null, "object_id": "14", "object_repr": "gamaley91@gmail.com", "action_flag": 3, "change_message": ""}}, {"model": "admin.logentry", "pk": 28, "fields": {"action_time": "2022-01-19T23:07:19.953Z", "user": 1, "content_type": null, "object_id": "15", "object_repr": "gamaley91@gmail.com", "action_flag": 3, "change_message": ""}}, {"model": "admin.logentry", "pk": 29, "fields": {"action_time": "2022-01-21T22:05:57.395Z", "user": 1, "content_type": null, "object_id": "13", "object_repr": "atx-jeans", "action_flag": 3, "change_message": ""}}, {"model": "admin.logentry", "pk": 30, "fields": {"action_time": "2022-01-21T22:05:57.545Z", "user": 1, "content_type": null, "object_id": "12", "object_repr": "atx-jeans", "action_flag": 3, "change_message": ""}}, {"model": "admin.logentry", "pk": 31, "fields": {"action_time": "2022-01-21T22:05:57.671Z", "user": 1, "content_type": null, "object_id": "11", "object_repr": "Blue Shirt", "action_flag": 3, "change_message": ""}}, {"model": "admin.logentry", "pk": 32, "fields": {"action_time": "2022-01-21T22:05:57.795Z", "user": 1, "content_type": null, "object_id": "10", "object_repr": "atx-jeans", "action_flag": 3, "change_message": ""}}, {"model": "admin.logentry", "pk": 33, "fields": {"action_time": "2022-01-21T22:05:57.912Z", "user": 1, "content_type": null, "object_id": "9", "object_repr": "jorden", "action_flag": 3, "change_message": ""}}, {"model": "admin.logentry", "pk": 34, "fields": {"action_time": "2022-01-21T22:05:58.029Z", "user": 1, "content_type": null, "object_id": "8", "object_repr": "atx-jeans", "action_flag": 3, "change_message": ""}}, {"model": "admin.logentry", "pk": 35, "fields": {"action_time": "2022-01-21T22:05:58.134Z", "user": 1, "content_type": null, "object_id": "4", "object_repr": "atx-jeans", "action_flag": 3, "change_message": ""}}, {"model": "admin.logentry", "pk": 36, "fields": {"action_time": "2022-01-21T22:54:32.666Z", "user": 1, "content_type": null, "object_id": "21", "object_repr": "Blue Shirt", "action_flag": 3, "change_message": ""}}, {"model": "admin.logentry", "pk": 37, "fields": {"action_time": "2022-01-21T22:54:32.804Z", "user": 1, "content_type": null, "object_id": "20", "object_repr": "Blue Shirt", "action_flag": 3, "change_message": ""}}, {"model": "admin.logentry", "pk": 38, "fields": {"action_time": "2022-01-21T22:54:32.910Z", "user": 1, "content_type": null, "object_id": "19", "object_repr": "Blue Shirt", "action_flag": 3, "change_message": ""}}, {"model": "admin.logentry", "pk": 39, "fields": {"action_time": "2022-01-21T22:54:33.010Z", "user": 1, "content_type": null, "object_id": "18", "object_repr": "atx-jeans", "action_flag": 3, "change_message": ""}}, {"model": "admin.logentry", "pk": 40, "fields": {"action_time": "2022-01-21T22:54:33.118Z", "user": 1, "content_type": null, "object_id": "17", "object_repr": "puma", "action_flag": 3, "change_message": ""}}, {"model": "admin.logentry", "pk": 41, "fields": {"action_time": "2022-01-21T22:54:33.221Z", "user": 1, "content_type": null, "object_id": "16", "object_repr": "atx-jeans", "action_flag": 3, "change_message": ""}}, {"model": "admin.logentry", "pk": 42, "fields": {"action_time": "2022-01-21T22:54:33.346Z", "user": 1, "content_type": null, "object_id": "15", "object_repr": "Blue Shirt", "action_flag": 3, "change_message": ""}}, {"model": "admin.logentry", "pk": 43, "fields": {"action_time": "2022-01-21T22:54:33.463Z", "user": 1, "content_type": null, "object_id": "14", "object_repr": "Blue Shirt", "action_flag": 3, "change_message": ""}}, {"model": "admin.logentry", "pk": 44, "fields": {"action_time": "2022-01-21T22:54:40.569Z", "user": 1, "content_type": null, "object_id": "13", "object_repr": "e397mcpoex3w6uoxhqsyl5dk91p8ygxz", "action_flag": 3, "change_message": ""}}, {"model": "admin.logentry", "pk": 45, "fields": {"action_time": "2022-01-21T22:54:40.705Z", "user": 1, "content_type": null, "object_id": "12", "object_repr": "o3ytwmcp6hyiedilniavmpmby6eyplrq", "action_flag": 3, "change_message": ""}}, {"model": "admin.logentry", "pk": 46, "fields": {"action_time": "2022-01-21T22:54:40.837Z", "user": 1, "content_type": null, "object_id": "11", "object_repr": "tv59ehpzkey9mcf0sn8406p7xqpukawg", "action_flag": 3, "change_message": ""}}, {"model": "admin.logentry", "pk": 47, "fields": {"action_time": "2022-01-21T22:54:40.955Z", "user": 1, "content_type": null, "object_id": "10", "object_repr": "9u83zcxq3hrd1vtsc7y3n84cuc2zc84q", "action_flag": 3, "change_message": ""}}, {"model": "admin.logentry", "pk": 48, "fields": {"action_time": "2022-01-21T22:54:41.070Z", "user": 1, "content_type": null, "object_id": "9", "object_repr": "julr7klg9ar78dsjx43vy2vprnei8h5o", "action_flag": 3, "change_message": ""}}, {"model": "admin.logentry", "pk": 49, "fields": {"action_time": "2022-01-21T22:54:41.186Z", "user": 1, "content_type": null, "object_id": "8", "object_repr": "phvxtoo4i9po7cfpsgp5pecqblu9n5uf", "action_flag": 3, "change_message": ""}}, {"model": "admin.logentry", "pk": 50, "fields": {"action_time": "2022-01-21T22:54:41.297Z", "user": 1, "content_type": null, "object_id": "7", "object_repr": "tkocpu5fmly36rk5cfnsorekg8zdsir2", "action_flag": 3, "change_message": ""}}, {"model": "admin.logentry", "pk": 51, "fields": {"action_time": "2022-01-21T22:54:41.411Z", "user": 1, "content_type": null, "object_id": "6", "object_repr": "7l57ocgyb6e7ck8yn3x4lbea0odvnoxs", "action_flag": 3, "change_message": ""}}, {"model": "admin.logentry", "pk": 52, "fields": {"action_time": "2022-01-21T22:54:41.529Z", "user": 1, "content_type": null, "object_id": "5", "object_repr": "xpwjkpdekibkvzgsdfqs90t2vgplnfco", "action_flag": 3, "change_message": ""}}, {"model": "admin.logentry", "pk": 53, "fields": {"action_time": "2022-01-21T22:54:41.662Z", "user": 1, "content_type": null, "object_id": "4", "object_repr": "w59jii2wb98lvcle2jicaa3lesmaht56", "action_flag": 3, "change_message": ""}}, {"model": "admin.logentry", "pk": 54, "fields": {"action_time": "2022-01-21T22:54:41.782Z", "user": 1, "content_type": null, "object_id": "3", "object_repr": "f8et53tw959i5rh3xi9jnk482ld6v99r", "action_flag": 3, "change_message": ""}}, {"model": "admin.logentry", "pk": 55, "fields": {"action_time": "2022-01-21T22:54:41.912Z", "user": 1, "content_type": null, "object_id": "2", "object_repr": "4v5vofvn7tqen1wplctrdnqjhzvvawp5", "action_flag": 3, "change_message": ""}}, {"model": "admin.logentry", "pk": 56, "fields": {"action_time": "2022-01-21T22:54:42.029Z", "user": 1, "content_type": null, "object_id": "1", "object_repr": "9tor4rf2qcqi6hcf9p6uqt027ohoet8b", "action_flag": 3, "change_message": ""}}, {"model": "admin.logentry", "pk": 57, "fields": {"action_time": "2022-01-22T20:00:09.476Z", "user": 1, "content_type": null, "object_id": "25", "object_repr": "Blue Shirt", "action_flag": 3, "change_message": ""}}, {"model": "admin.logentry", "pk": 58, "fields": {"action_time": "2022-01-22T20:00:09.634Z", "user": 1, "content_type": null, "object_id": "24", "object_repr": "Blue Shirt", "action_flag": 3, "change_message": ""}}, {"model": "admin.logentry", "pk": 59, "fields": {"action_time": "2022-01-22T20:00:09.760Z", "user": 1, "content_type": null, "object_id": "23", "object_repr": "Blue Shirt", "action_flag": 3, "change_message": ""}}, {"model": "admin.logentry", "pk": 60, "fields": {"action_time": "2022-01-22T20:00:09.900Z", "user": 1, "content_type": null, "object_id": "22", "object_repr": "atx-jeans", "action_flag": 3, "change_message": ""}}, {"model": "admin.logentry", "pk": 61, "fields": {"action_time": "2022-01-22T20:00:15.485Z", "user": 1, "content_type": null, "object_id": "16", "object_repr": "iqdqxu38rbtqg0pdhphkubpu4veqono6", "action_flag": 3, "change_message": ""}}, {"model": "admin.logentry", "pk": 62, "fields": {"action_time": "2022-01-22T20:00:15.611Z", "user": 1, "content_type": null, "object_id": "15", "object_repr": "m0u6rfopnw0sr34moqhtjsh1xv2r6fcp", "action_flag": 3, "change_message": ""}}, {"model": "admin.logentry", "pk": 63, "fields": {"action_time": "2022-01-22T20:00:15.734Z", "user": 1, "content_type": null, "object_id": "14", "object_repr": "2u2v32gvwptocc350ujgvxcuvu6wlbwo", "action_flag": 3, "change_message": ""}}, {"model": "admin.logentry", "pk": 64, "fields": {"action_time": "2022-01-22T20:09:53.140Z", "user": 1, "content_type": null, "object_id": "30", "object_repr": "Blue Shirt", "action_flag": 3, "change_message": ""}}, {"model": "admin.logentry", "pk": 65, "fields": {"action_time": "2022-01-22T20:09:53.296Z", "user": 1, "content_type": null, "object_id": "29", "object_repr": "Blue Shirt", "action_flag": 3, "change_message": ""}}, {"model": "admin.logentry", "pk": 66, "fields": {"action_time": "2022-01-22T20:09:53.413Z", "user": 1, "content_type": null, "object_id": "28", "object_repr": "Blue Shirt", "action_flag": 3, "change_message": ""}}, {"model": "admin.logentry", "pk": 67, "fields": {"action_time": "2022-01-22T20:09:53.547Z", "user": 1, "content_type": null, "object_id": "27", "object_repr": "Blue Shirt", "action_flag": 3, "change_message": ""}}, {"model": "admin.logentry", "pk": 68, "fields": {"action_time": "2022-01-22T20:13:41.885Z", "user": 1, "content_type": null, "object_id": "20", "object_repr": "uf349x7h56ytkw1ybaxcqo02mytn3pzq", "action_flag": 3, "change_message": ""}}, {"model": "admin.logentry", "pk": 69, "fields": {"action_time": "2022-01-22T20:13:42.062Z", "user": 1, "content_type": null, "object_id": "19", "object_repr": "t0vj2nenydndi5a03trnktepmcv8eycc", "action_flag": 3, "change_message": ""}}, {"model": "admin.logentry", "pk": 70, "fields": {"action_time": "2022-01-22T20:13:42.219Z", "user": 1, "content_type": null, "object_id": "18", "object_repr": "ordk2wibltrh6q7mgrz918fnvqetymbk", "action_flag": 3, "change_message": ""}}, {"model": "admin.logentry", "pk": 71, "fields": {"action_time": "2022-01-22T20:13:42.369Z", "user": 1, "content_type": null, "object_id": "17", "object_repr": "8oxoiw3al34fnk2e2janjbxqgwy501gv", "action_flag": 3, "change_message": ""}}, {"model": "admin.logentry", "pk": 72, "fields": {"action_time": "2022-01-22T20:13:49.684Z", "user": 1, "content_type": null, "object_id": "32", "object_repr": "atx-jeans", "action_flag": 3, "change_message": ""}}, {"model": "admin.logentry", "pk": 73, "fields": {"action_time": "2022-01-22T20:13:49.834Z", "user": 1, "content_type": null, "object_id": "31", "object_repr": "Blue Shirt", "action_flag": 3, "change_message": ""}}, {"model": "admin.logentry", "pk": 74, "fields": {"action_time": "2022-01-22T20:18:26.907Z", "user": 1, "content_type": null, "object_id": "37", "object_repr": "Blue Shirt", "action_flag": 3, "change_message": ""}}, {"model": "admin.logentry", "pk": 75, "fields": {"action_time": "2022-01-22T20:18:27.060Z", "user": 1, "content_type": null, "object_id": "36", "object_repr": "Blue Shirt", "action_flag": 3, "change_message": ""}}, {"model": "admin.logentry", "pk": 76, "fields": {"action_time": "2022-01-22T20:18:27.201Z", "user": 1, "content_type": null, "object_id": "35", "object_repr": "atx-jeans", "action_flag": 3, "change_message": ""}}, {"model": "admin.logentry", "pk": 77, "fields": {"action_time": "2022-01-22T20:18:33.633Z", "user": 1, "content_type": null, "object_id": "22", "object_repr": "e0a1wd5myrjuc8vesaym79pe7lzwh8nb", "action_flag": 3, "change_message": ""}}, {"model": "admin.logentry", "pk": 78, "fields": {"action_time": "2022-01-22T20:18:33.786Z", "user": 1, "content_type": null, "object_id": "21", "object_repr": "ebqi2tzp41isj1aievqekvinwogq0wf7", "action_flag": 3, "change_message": ""}}, {"model": "admin.logentry", "pk": 79, "fields": {"action_time": "2022-01-22T20:28:21.047Z", "user": 1, "content_type": null, "object_id": "24", "object_repr": "cd7ul7he31vhqv2cc31kqz0ammzw9r9y", "action_flag": 3, "change_message": ""}}, {"model": "admin.logentry", "pk": 80, "fields": {"action_time": "2022-01-22T20:28:21.216Z", "user": 1, "content_type": null, "object_id": "23", "object_repr": "xuveibqkxsu5rswis56llzl619zs96lq", "action_flag": 3, "change_message": ""}}, {"model": "admin.logentry", "pk": 81, "fields": {"action_time": "2022-01-22T20:53:26.883Z", "user": 1, "content_type": null, "object_id": "45", "object_repr": "Blue Shirt", "action_flag": 3, "change_message": ""}}, {"model": "admin.logentry", "pk": 82, "fields": {"action_time": "2022-01-22T20:53:27.053Z", "user": 1, "content_type": null, "object_id": "44", "object_repr": "jorden", "action_flag": 3, "change_message": ""}}, {"model": "admin.logentry", "pk": 83, "fields": {"action_time": "2022-01-22T20:53:27.219Z", "user": 1, "content_type": null, "object_id": "43", "object_repr": "Blue Shirt", "action_flag": 3, "change_message": ""}}, {"model": "admin.logentry", "pk": 84, "fields": {"action_time": "2022-01-22T20:53:27.368Z", "user": 1, "content_type": null, "object_id": "42", "object_repr": "atx-jeans", "action_flag": 3, "change_message": ""}}, {"model": "admin.logentry", "pk": 85, "fields": {"action_time": "2022-01-22T20:53:32.464Z", "user": 1, "content_type": null, "object_id": "26", "object_repr": "b7oie2nuq97esz9vgcpvu70yoy0mqt41", "action_flag": 3, "change_message": ""}}, {"model": "admin.logentry", "pk": 86, "fields": {"action_time": "2022-01-22T20:53:32.635Z", "user": 1, "content_type": null, "object_id": "25", "object_repr": "qicv6nah7xbcb7so3opqt69eyh70y7ai", "action_flag": 3, "change_message": ""}}, {"model": "admin.logentry", "pk": 87, "fields": {"action_time": "2022-01-22T20:57:52.819Z", "user": 1, "content_type": null, "object_id": "28", "object_repr": "h1ea8shlhti10vqgf2zl1y4ekq8d0565", "action_flag": 3, "change_message": ""}}, {"model": "admin.logentry", "pk": 88, "fields": {"action_time": "2022-01-22T20:57:53.219Z", "user": 1, "content_type": null, "object_id": "27", "object_repr": "zzt6ollgyl6xmmqtftis0ae6050zwfng", "action_flag": 3, "change_message": ""}}, {"model": "admin.logentry", "pk": 89, "fields": {"action_time": "2022-01-22T21:10:56.636Z", "user": 1, "content_type": null, "object_id": "33", "object_repr": "mqrhgqi8hl9ucql36pvl3y6wako5zen0", "action_flag": 3, "change_message": ""}}, {"model": "admin.logentry", "pk": 90, "fields": {"action_time": "2022-01-22T21:10:57.052Z", "user": 1, "content_type": null, "object_id": "32", "object_repr": "imukdr96cvzo50n45sad4m22zpfutvzg", "action_flag": 3, "change_message": ""}}, {"model": "admin.logentry", "pk": 91, "fields": {"action_time": "2022-01-22T21:10:57.210Z", "user": 1, "content_type": null, "object_id": "31", "object_repr": "euu436mudy7j0nkh30zgx8xe5q919jra", "action_flag": 3, "change_message": ""}}, {"model": "admin.logentry", "pk": 92, "fields": {"action_time": "2022-01-22T21:10:57.360Z", "user": 1, "content_type": null, "object_id": "30", "object_repr": "lw6gypm1ulkd5awnihr701irrwzphman", "action_flag": 3, "change_message": ""}}, {"model": "admin.logentry", "pk": 93, "fields": {"action_time": "2022-01-22T21:10:57.492Z", "user": 1, "content_type": null, "object_id": "29", "object_repr": "ss2r5uq8ijq4vte2k6ob1o357tbclynz", "action_flag": 3, "change_message": ""}}, {"model": "admin.logentry", "pk": 94, "fields": {"action_time": "2022-01-22T21:11:02.938Z", "user": 1, "content_type": null, "object_id": "50", "object_repr": "Blue Shirt", "action_flag": 3, "change_message": ""}}, {"model": "admin.logentry", "pk": 95, "fields": {"action_time": "2022-01-22T21:11:03.076Z", "user": 1, "content_type": null, "object_id": "49", "object_repr": "atx-jeans", "action_flag": 3, "change_message": ""}}, {"model": "admin.logentry", "pk": 96, "fields": {"action_time": "2022-01-22T21:42:41.353Z", "user": 1, "content_type": null, "object_id": "61", "object_repr": "atx-jeans", "action_flag": 3, "change_message": ""}}, {"model": "admin.logentry", "pk": 97, "fields": {"action_time": "2022-01-22T21:42:41.498Z", "user": 1, "content_type": null, "object_id": "60", "object_repr": "atx-jeans", "action_flag": 3, "change_message": ""}}, {"model": "admin.logentry", "pk": 98, "fields": {"action_time": "2022-01-22T21:42:41.648Z", "user": 1, "content_type": null, "object_id": "59", "object_repr": "atx-jeans", "action_flag": 3, "change_message": ""}}, {"model": "admin.logentry", "pk": 99, "fields": {"action_time": "2022-01-22T21:42:41.771Z", "user": 1, "content_type": null, "object_id": "58", "object_repr": "atx-jeans", "action_flag": 3, "change_message": ""}}, {"model": "admin.logentry", "pk": 100, "fields": {"action_time": "2022-01-22T21:42:41.896Z", "user": 1, "content_type": null, "object_id": "57", "object_repr": "atx-jeans", "action_flag": 3, "change_message": ""}}, {"model": "admin.logentry", "pk": 101, "fields": {"action_time": "2022-01-22T21:42:47.481Z", "user": 1, "content_type": null, "object_id": "38", "object_repr": "3w6siq563x02fumw0unv1yd0mq8of9il", "action_flag": 3, "change_message": ""}}, {"model": "admin.logentry", "pk": 102, "fields": {"action_time": "2022-01-22T21:42:47.890Z", "user": 1, "content_type": null, "object_id": "37", "object_repr": "2h7xzklwp3qs4eb9lg6zshius55xa869", "action_flag": 3, "change_message": ""}}, {"model": "admin.logentry", "pk": 103, "fields": {"action_time": "2022-01-22T21:42:48.040Z", "user": 1, "content_type": null, "object_id": "36", "object_repr": "un7d02t9utfn14upimdqqn4dc8vkysby", "action_flag": 3, "change_message": ""}}, {"model": "admin.logentry", "pk": 104, "fields": {"action_time": "2022-01-22T21:42:48.189Z", "user": 1, "content_type": null, "object_id": "35", "object_repr": "5zhj8cu18mutsejl230lmna94637vp2a", "action_flag": 3, "change_message": ""}}, {"model": "admin.logentry", "pk": 105, "fields": {"action_time": "2022-01-22T21:42:48.322Z", "user": 1, "content_type": null, "object_id": "34", "object_repr": "0lo5bu53z24cvwu8vtac2mo1juk1bzei", "action_flag": 3, "change_message": ""}}, {"model": "admin.logentry", "pk": 106, "fields": {"action_time": "2022-01-22T21:56:16.267Z", "user": 1, "content_type": null, "object_id": "63", "object_repr": "atx-jeans", "action_flag": 3, "change_message": ""}}, {"model": "admin.logentry", "pk": 107, "fields": {"action_time": "2022-01-22T21:56:16.440Z", "user": 1, "content_type": null, "object_id": "62", "object_repr": "atx-jeans", "action_flag": 3, "change_message": ""}}, {"model": "admin.logentry", "pk": 108, "fields": {"action_time": "2022-01-22T21:56:21.477Z", "user": 1, "content_type": null, "object_id": "39", "object_repr": "p4k29j1bxmv7gvk8xd0b7ux26496z0zw", "action_flag": 3, "change_message": ""}}, {"model": "admin.logentry", "pk": 109, "fields": {"action_time": "2022-01-26T21:19:12.132Z", "user": 1, "content_type": null, "object_id": "23", "object_repr": "Gamaley", "action_flag": 3, "change_message": ""}}, {"model": "admin.logentry", "pk": 110, "fields": {"action_time": "2022-01-26T21:19:12.291Z", "user": 1, "content_type": null, "object_id": "22", "object_repr": "Gamaley", "action_flag": 3, "change_message": ""}}, {"model": "admin.logentry", "pk": 111, "fields": {"action_time": "2022-01-26T21:19:12.448Z", "user": 1, "content_type": null, "object_id": "21", "object_repr": "Gamaley", "action_flag": 3, "change_message": ""}}, {"model": "admin.logentry", "pk": 112, "fields": {"action_time": "2022-01-26T21:19:12.590Z", "user": 1, "content_type": null, "object_id": "20", "object_repr": "Gamaley", "action_flag": 3, "change_message": ""}}, {"model": "admin.logentry", "pk": 113, "fields": {"action_time": "2022-01-26T21:19:12.723Z", "user": 1, "content_type": null, "object_id": "19", "object_repr": "Gamaley", "action_flag": 3, "change_message": ""}}, {"model": "admin.logentry", "pk": 114, "fields": {"action_time": "2022-01-26T21:19:12.848Z", "user": 1, "content_type": null, "object_id": "18", "object_repr": "Gamaley", "action_flag": 3, "change_message": ""}}, {"model": "admin.logentry", "pk": 115, "fields": {"action_time": "2022-01-26T21:19:12.973Z", "user": 1, "content_type": null, "object_id": "17", "object_repr": "Gamaley", "action_flag": 3, "change_message": ""}}, {"model": "admin.logentry", "pk": 116, "fields": {"action_time": "2022-01-26T21:19:13.105Z", "user": 1, "content_type": null, "object_id": "16", "object_repr": "Gamaley", "action_flag": 3, "change_message": ""}}, {"model": "admin.logentry", "pk": 117, "fields": {"action_time": "2022-01-26T21:19:13.240Z", "user": 1, "content_type": null, "object_id": "15", "object_repr": "Gamaley", "action_flag": 3, "change_message": ""}}, {"model": "admin.logentry", "pk": 118, "fields": {"action_time": "2022-01-26T21:19:13.382Z", "user": 1, "content_type": null, "object_id": "14", "object_repr": "Gamaley", "action_flag": 3, "change_message": ""}}, {"model": "admin.logentry", "pk": 119, "fields": {"action_time": "2022-01-26T21:19:13.525Z", "user": 1, "content_type": null, "object_id": "13", "object_repr": "Gamaley", "action_flag": 3, "change_message": ""}}, {"model": "admin.logentry", "pk": 120, "fields": {"action_time": "2022-01-26T21:19:13.664Z", "user": 1, "content_type": null, "object_id": "12", "object_repr": "Gamaley", "action_flag": 3, "change_message": ""}}, {"model": "admin.logentry", "pk": 121, "fields": {"action_time": "2022-01-26T21:19:13.807Z", "user": 1, "content_type": null, "object_id": "11", "object_repr": "Gamaley", "action_flag": 3, "change_message": ""}}, {"model": "admin.logentry", "pk": 122, "fields": {"action_time": "2022-01-26T21:19:13.956Z", "user": 1, "content_type": null, "object_id": "10", "object_repr": "Gamaley", "action_flag": 3, "change_message": ""}}, {"model": "admin.logentry", "pk": 123, "fields": {"action_time": "2022-01-26T21:19:14.097Z", "user": 1, "content_type": null, "object_id": "9", "object_repr": "Gamaley", "action_flag": 3, "change_message": ""}}, {"model": "admin.logentry", "pk": 124, "fields": {"action_time": "2022-01-26T21:19:14.259Z", "user": 1, "content_type": null, "object_id": "8", "object_repr": "Gamaley", "action_flag": 3, "change_message": ""}}, {"model": "admin.logentry", "pk": 125, "fields": {"action_time": "2022-01-26T21:19:14.416Z", "user": 1, "content_type": null, "object_id": "7", "object_repr": "Gamaley", "action_flag": 3, "change_message": ""}}, {"model": "admin.logentry", "pk": 126, "fields": {"action_time": "2022-01-26T21:19:14.547Z", "user": 1, "content_type": null, "object_id": "6", "object_repr": "Gamaley", "action_flag": 3, "change_message": ""}}, {"model": "admin.logentry", "pk": 127, "fields": {"action_time": "2022-01-26T21:19:14.682Z", "user": 1, "content_type": null, "object_id": "5", "object_repr": "Gamaley", "action_flag": 3, "change_message": ""}}, {"model": "admin.logentry", "pk": 128, "fields": {"action_time": "2022-01-26T21:19:14.815Z", "user": 1, "content_type": null, "object_id": "4", "object_repr": "Gamaley", "action_flag": 3, "change_message": ""}}, {"model": "admin.logentry", "pk": 129, "fields": {"action_time": "2022-01-26T21:19:14.947Z", "user": 1, "content_type": null, "object_id": "3", "object_repr": "Gamaley", "action_flag": 3, "change_message": ""}}, {"model": "admin.logentry", "pk": 130, "fields": {"action_time": "2022-01-26T21:19:15.073Z", "user": 1, "content_type": null, "object_id": "2", "object_repr": "Gamaley", "action_flag": 3, "change_message": ""}}, {"model": "admin.logentry", "pk": 131, "fields": {"action_time": "2022-01-26T21:19:15.217Z", "user": 1, "content_type": null, "object_id": "1", "object_repr": "Gamaley", "action_flag": 3, "change_message": ""}}, {"model": "admin.logentry", "pk": 132, "fields": {"action_time": "2022-01-29T04:09:25.675Z", "user": 1, "content_type": null, "object_id": "45", "object_repr": "qdhdyr3yvam642cs01p5ejw9woujqmg3", "action_flag": 3, "change_message": ""}}, {"model": "admin.logentry", "pk": 133, "fields": {"action_time": "2022-01-29T04:09:26.064Z", "user": 1, "content_type": null, "object_id": "44", "object_repr": "duyjek2dds7i4lb54wd3t9iohdvlypny", "action_flag": 3, "change_message": ""}}, {"model": "admin.logentry", "pk": 134, "fields": {"action_time": "2022-01-29T04:09:26.190Z", "user": 1, "content_type": null, "object_id": "43", "object_repr": "7q12kt4y120a6zhh9dt945mj7bpmsc7h", "action_flag": 3, "change_message": ""}}, {"model": "admin.logentry", "pk": 135, "fields": {"action_time": "2022-01-29T04:09:26.329Z", "user": 1, "content_type": null, "object_id": "42", "object_repr": "evr2oeiljkj84gc3mbizsszfdcc6dxbe", "action_flag": 3, "change_message": ""}}, {"model": "admin.logentry", "pk": 136, "fields": {"action_time": "2022-01-29T04:09:26.463Z", "user": 1, "content_type": null, "object_id": "41", "object_repr": "vvgcof1kkr0hvrt2p4xc7rzid3gbn7ll", "action_flag": 3, "change_message": ""}}, {"model": "admin.logentry", "pk": 137, "fields": {"action_time": "2022-01-29T04:09:26.592Z", "user": 1, "content_type": null, "object_id": "40", "object_repr": "d87u97j5husrsysrlas50kq2v7q6j7fi", "action_flag": 3, "change_message": ""}}, {"model": "admin.logentry", "pk": 138, "fields": {"action_time": "2022-01-29T04:53:28.567Z", "user": 1, "content_type": null, "object_id": "76", "object_repr": "atx-jeans", "action_flag": 3, "change_message": ""}}, {"model": "admin.logentry", "pk": 139, "fields": {"action_time": "2022-01-29T04:53:28.965Z", "user": 1, "content_type": null, "object_id": "75", "object_repr": "atx-jeans", "action_flag": 3, "change_message": ""}}, {"model": "admin.logentry", "pk": 140, "fields": {"action_time": "2022-01-29T04:53:29.113Z", "user": 1, "content_type": null, "object_id": "74", "object_repr": "atx-jeans", "action_flag": 3, "change_message": ""}}, {"model": "admin.logentry", "pk": 141, "fields": {"action_time": "2022-01-29T04:53:29.265Z", "user": 1, "content_type": null, "object_id": "73", "object_repr": "atx-jeans", "action_flag": 3, "change_message": ""}}, {"model": "admin.logentry", "pk": 142, "fields": {"action_time": "2022-01-29T04:53:29.399Z", "user": 1, "content_type": null, "object_id": "72", "object_repr": "atx-jeans", "action_flag": 3, "change_message": ""}}, {"model": "admin.logentry", "pk": 143, "fields": {"action_time": "2022-01-29T04:53:29.531Z", "user": 1, "content_type": null, "object_id": "71", "object_repr": "Blue Shirt", "action_flag": 3, "change_message": ""}}, {"model": "admin.logentry", "pk": 144, "fields": {"action_time": "2022-01-29T04:53:37.893Z", "user": 1, "content_type": null, "object_id": "49", "object_repr": "p2lxip5n7u5ds9rjvf9c6j8gaz8mabv2", "action_flag": 3, "change_message": ""}}, {"model": "admin.logentry", "pk": 145, "fields": {"action_time": "2022-01-29T04:53:38.046Z", "user": 1, "content_type": null, "object_id": "48", "object_repr": "ltu4phx99rvzze9jf06jtiax6i9zzdxw", "action_flag": 3, "change_message": ""}}, {"model": "admin.logentry", "pk": 146, "fields": {"action_time": "2022-01-29T04:53:38.181Z", "user": 1, "content_type": null, "object_id": "47", "object_repr": "sc45vy1lq8hv9nrhj44y41er5qweejbm", "action_flag": 3, "change_message": ""}}, {"model": "admin.logentry", "pk": 147, "fields": {"action_time": "2022-01-29T04:53:38.305Z", "user": 1, "content_type": null, "object_id": "46", "object_repr": "0fj07p5ymyjio86jbawgju2tppdakbmz", "action_flag": 3, "change_message": ""}}, {"model": "admin.logentry", "pk": 148, "fields": {"action_time": "2022-01-29T04:56:58.349Z", "user": 1, "content_type": null, "object_id": "78", "object_repr": "atx-jeans", "action_flag": 3, "change_message": ""}}, {"model": "admin.logentry", "pk": 149, "fields": {"action_time": "2022-01-29T04:56:58.532Z", "user": 1, "content_type": null, "object_id": "77", "object_repr": "atx-jeans", "action_flag": 3, "change_message": ""}}, {"model": "admin.logentry", "pk": 150, "fields": {"action_time": "2022-01-29T05:09:12.144Z", "user": 1, "content_type": null, "object_id": "52", "object_repr": "xsi5dp75q4f3egben7h0thbhwxb0ndbv", "action_flag": 3, "change_message": ""}}, {"model": "admin.logentry", "pk": 151, "fields": {"action_time": "2022-01-29T05:09:12.540Z", "user": 1, "content_type": null, "object_id": "51", "object_repr": "qy50c18rrb7kzbo38mnz7sjbs550mkq9", "action_flag": 3, "change_message": ""}}, {"model": "admin.logentry", "pk": 152, "fields": {"action_time": "2022-01-29T05:09:12.691Z", "user": 1, "content_type": null, "object_id": "50", "object_repr": "03x9sg723lk3uvryuyzisbad7dysde1f", "action_flag": 3, "change_message": ""}}, {"model": "admin.logentry", "pk": 153, "fields": {"action_time": "2022-01-29T05:09:19.157Z", "user": 1, "content_type": null, "object_id": "79", "object_repr": "Blue Shirt", "action_flag": 3, "change_message": ""}}, {"model": "admin.logentry", "pk": 154, "fields": {"action_time": "2022-01-29T05:16:15.606Z", "user": 1, "content_type": null, "object_id": "85", "object_repr": "atx-jeans", "action_flag": 3, "change_message": ""}}, {"model": "admin.logentry", "pk": 155, "fields": {"action_time": "2022-01-29T05:16:16.001Z", "user": 1, "content_type": null, "object_id": "84", "object_repr": "Blue Shirt", "action_flag": 3, "change_message": ""}}, {"model": "admin.logentry", "pk": 156, "fields": {"action_time": "2022-01-29T05:16:16.150Z", "user": 1, "content_type": null, "object_id": "83", "object_repr": "atx-jeans", "action_flag": 3, "change_message": ""}}, {"model": "admin.logentry", "pk": 157, "fields": {"action_time": "2022-01-29T05:16:16.291Z", "user": 1, "content_type": null, "object_id": "82", "object_repr": "atx-jeans", "action_flag": 3, "change_message": ""}}, {"model": "admin.logentry", "pk": 158, "fields": {"action_time": "2022-01-29T05:16:16.426Z", "user": 1, "content_type": null, "object_id": "81", "object_repr": "atx-jeans", "action_flag": 3, "change_message": ""}}, {"model": "admin.logentry", "pk": 159, "fields": {"action_time": "2022-01-29T05:16:22.444Z", "user": 1, "content_type": null, "object_id": "55", "object_repr": "vhm7o97ro57fmrdf5r30o9gmzqqpmdwz", "action_flag": 3, "change_message": ""}}, {"model": "admin.logentry", "pk": 160, "fields": {"action_time": "2022-01-29T05:16:22.599Z", "user": 1, "content_type": null, "object_id": "54", "object_repr": "r7p6dpgfgfr8gyrpd506y7bg26biuny0", "action_flag": 3, "change_message": ""}}, {"model": "admin.logentry", "pk": 161, "fields": {"action_time": "2022-01-29T05:16:22.723Z", "user": 1, "content_type": null, "object_id": "53", "object_repr": "g8sfak59hsn0zrh6p8ragehnnsqdgeq6", "action_flag": 3, "change_message": ""}}, {"model": "admin.logentry", "pk": 162, "fields": {"action_time": "2022-01-31T07:19:13.221Z", "user": 1, "content_type": null, "object_id": "2", "object_repr": "zegrecr", "action_flag": 1, "change_message": "[{\"added\": {}}]"}}, {"model": "admin.logentry", "pk": 163, "fields": {"action_time": "2022-02-01T04:47:37.848Z", "user": 1, "content_type": null, "object_id": "111", "object_repr": "Gamaley", "action_flag": 3, "change_message": ""}}, {"model": "admin.logentry", "pk": 164, "fields": {"action_time": "2022-02-01T04:47:38.245Z", "user": 1, "content_type": null, "object_id": "110", "object_repr": "Gamaley", "action_flag": 3, "change_message": ""}}, {"model": "admin.logentry", "pk": 165, "fields": {"action_time": "2022-02-01T04:47:38.433Z", "user": 1, "content_type": null, "object_id": "109", "object_repr": "Gamaley", "action_flag": 3, "change_message": ""}}, {"model": "admin.logentry", "pk": 166, "fields": {"action_time": "2022-02-01T04:47:38.585Z", "user": 1, "content_type": null, "object_id": "108", "object_repr": "Gamaley", "action_flag": 3, "change_message": ""}}, {"model": "admin.logentry", "pk": 167, "fields": {"action_time": "2022-02-01T04:47:38.694Z", "user": 1, "content_type": null, "object_id": "107", "object_repr": "Gamaley", "action_flag": 3, "change_message": ""}}, {"model": "admin.logentry", "pk": 168, "fields": {"action_time": "2022-02-01T04:47:38.843Z", "user": 1, "content_type": null, "object_id": "106", "object_repr": "Gamaley", "action_flag": 3, "change_message": ""}}, {"model": "admin.logentry", "pk": 169, "fields": {"action_time": "2022-02-01T04:47:39.002Z", "user": 1, "content_type": null, "object_id": "105", "object_repr": "Gamaley", "action_flag": 3, "change_message": ""}}, {"model": "admin.logentry", "pk": 170, "fields": {"action_time": "2022-02-01T04:47:39.143Z", "user": 1, "content_type": null, "object_id": "104", "object_repr": "Gamaley", "action_flag": 3, "change_message": ""}}, {"model": "admin.logentry", "pk": 171, "fields": {"action_time": "2022-02-01T04:47:39.285Z", "user": 1, "content_type": null, "object_id": "103", "object_repr": "Gamaley", "action_flag": 3, "change_message": ""}}, {"model": "admin.logentry", "pk": 172, "fields": {"action_time": "2022-02-01T04:47:39.418Z", "user": 1, "content_type": null, "object_id": "102", "object_repr": "Gamaley", "action_flag": 3, "change_message": ""}}, {"model": "admin.logentry", "pk": 173, "fields": {"action_time": "2022-02-01T04:47:39.554Z", "user": 1, "content_type": null, "object_id": "101", "object_repr": "Gamaley", "action_flag": 3, "change_message": ""}}, {"model": "admin.logentry", "pk": 174, "fields": {"action_time": "2022-02-01T04:47:39.686Z", "user": 1, "content_type": null, "object_id": "100", "object_repr": "Gamaley", "action_flag": 3, "change_message": ""}}, {"model": "admin.logentry", "pk": 175, "fields": {"action_time": "2022-02-01T04:47:39.819Z", "user": 1, "content_type": null, "object_id": "99", "object_repr": "Gamaley", "action_flag": 3, "change_message": ""}}, {"model": "admin.logentry", "pk": 176, "fields": {"action_time": "2022-02-01T04:47:39.935Z", "user": 1, "content_type": null, "object_id": "98", "object_repr": "Gamaley", "action_flag": 3, "change_message": ""}}, {"model": "admin.logentry", "pk": 177, "fields": {"action_time": "2022-02-01T04:47:40.095Z", "user": 1, "content_type": null, "object_id": "97", "object_repr": "Gamaley", "action_flag": 3, "change_message": ""}}, {"model": "admin.logentry", "pk": 178, "fields": {"action_time": "2022-02-01T04:47:40.235Z", "user": 1, "content_type": null, "object_id": "96", "object_repr": "Gamaley", "action_flag": 3, "change_message": ""}}, {"model": "admin.logentry", "pk": 179, "fields": {"action_time": "2022-02-01T04:47:40.368Z", "user": 1, "content_type": null, "object_id": "95", "object_repr": "Gamaley", "action_flag": 3, "change_message": ""}}, {"model": "admin.logentry", "pk": 180, "fields": {"action_time": "2022-02-01T04:47:40.503Z", "user": 1, "content_type": null, "object_id": "94", "object_repr": "Gamaley", "action_flag": 3, "change_message": ""}}, {"model": "admin.logentry", "pk": 181, "fields": {"action_time": "2022-02-01T04:47:40.612Z", "user": 1, "content_type": null, "object_id": "93", "object_repr": "Gamaley", "action_flag": 3, "change_message": ""}}, {"model": "admin.logentry", "pk": 182, "fields": {"action_time": "2022-02-01T04:47:40.760Z", "user": 1, "content_type": null, "object_id": "92", "object_repr": "Gamaley", "action_flag": 3, "change_message": ""}}, {"model": "admin.logentry", "pk": 183, "fields": {"action_time": "2022-02-01T04:47:40.884Z", "user": 1, "content_type": null, "object_id": "91", "object_repr": "Gamaley", "action_flag": 3, "change_message": ""}}, {"model": "admin.logentry", "pk": 184, "fields": {"action_time": "2022-02-01T04:47:41.027Z", "user": 1, "content_type": null, "object_id": "90", "object_repr": "Gamaley", "action_flag": 3, "change_message": ""}}, {"model": "admin.logentry", "pk": 185, "fields": {"action_time": "2022-02-01T04:47:41.150Z", "user": 1, "content_type": null, "object_id": "89", "object_repr": "Gamaley", "action_flag": 3, "change_message": ""}}, {"model": "admin.logentry", "pk": 186, "fields": {"action_time": "2022-02-01T04:47:41.294Z", "user": 1, "content_type": null, "object_id": "88", "object_repr": "Gamaley", "action_flag": 3, "change_message": ""}}, {"model": "admin.logentry", "pk": 187, "fields": {"action_time": "2022-02-01T04:47:41.427Z", "user": 1, "content_type": null, "object_id": "87", "object_repr": "Gamaley", "action_flag": 3, "change_message": ""}}, {"model": "admin.logentry", "pk": 188, "fields": {"action_time": "2022-02-01T04:47:41.600Z", "user": 1, "content_type": null, "object_id": "86", "object_repr": "Gamaley", "action_flag": 3, "change_message": ""}}, {"model": "admin.logentry", "pk": 189, "fields": {"action_time": "2022-02-01T04:47:41.739Z", "user": 1, "content_type": null, "object_id": "85", "object_repr": "Gamaley", "action_flag": 3, "change_message": ""}}, {"model": "admin.logentry", "pk": 190, "fields": {"action_time": "2022-02-01T04:47:41.876Z", "user": 1, "content_type": null, "object_id": "84", "object_repr": "Gamaley", "action_flag": 3, "change_message": ""}}, {"model": "admin.logentry", "pk": 191, "fields": {"action_time": "2022-02-01T04:47:42.009Z", "user": 1, "content_type": null, "object_id": "83", "object_repr": "Gamaley", "action_flag": 3, "change_message": ""}}, {"model": "admin.logentry", "pk": 192, "fields": {"action_time": "2022-02-01T04:47:42.135Z", "user": 1, "content_type": null, "object_id": "82", "object_repr": "Gamaley", "action_flag": 3, "change_message": ""}}, {"model": "admin.logentry", "pk": 193, "fields": {"action_time": "2022-02-01T04:47:57.332Z", "user": 1, "content_type": null, "object_id": "81", "object_repr": "Gamaley", "action_flag": 3, "change_message": ""}}, {"model": "admin.logentry", "pk": 194, "fields": {"action_time": "2022-02-01T04:47:57.736Z", "user": 1, "content_type": null, "object_id": "80", "object_repr": "Gamaley", "action_flag": 3, "change_message": ""}}, {"model": "admin.logentry", "pk": 195, "fields": {"action_time": "2022-02-01T04:47:57.897Z", "user": 1, "content_type": null, "object_id": "79", "object_repr": "Gamaley", "action_flag": 3, "change_message": ""}}, {"model": "admin.logentry", "pk": 196, "fields": {"action_time": "2022-02-01T04:47:58.036Z", "user": 1, "content_type": null, "object_id": "78", "object_repr": "Gamaley", "action_flag": 3, "change_message": ""}}, {"model": "admin.logentry", "pk": 197, "fields": {"action_time": "2022-02-01T04:47:58.195Z", "user": 1, "content_type": null, "object_id": "77", "object_repr": "Gamaley", "action_flag": 3, "change_message": ""}}, {"model": "admin.logentry", "pk": 198, "fields": {"action_time": "2022-02-01T04:47:58.361Z", "user": 1, "content_type": null, "object_id": "76", "object_repr": "Gamaley", "action_flag": 3, "change_message": ""}}, {"model": "admin.logentry", "pk": 199, "fields": {"action_time": "2022-02-01T04:47:58.477Z", "user": 1, "content_type": null, "object_id": "75", "object_repr": "Gamaley", "action_flag": 3, "change_message": ""}}, {"model": "admin.logentry", "pk": 200, "fields": {"action_time": "2022-02-01T04:47:58.627Z", "user": 1, "content_type": null, "object_id": "74", "object_repr": "Gamaley", "action_flag": 3, "change_message": ""}}, {"model": "admin.logentry", "pk": 201, "fields": {"action_time": "2022-02-01T04:47:58.787Z", "user": 1, "content_type": null, "object_id": "73", "object_repr": "Gamaley", "action_flag": 3, "change_message": ""}}, {"model": "admin.logentry", "pk": 202, "fields": {"action_time": "2022-02-01T04:47:58.946Z", "user": 1, "content_type": null, "object_id": "72", "object_repr": "Gamaley", "action_flag": 3, "change_message": ""}}, {"model": "admin.logentry", "pk": 203, "fields": {"action_time": "2022-02-01T04:47:59.086Z", "user": 1, "content_type": null, "object_id": "71", "object_repr": "Gamaley", "action_flag": 3, "change_message": ""}}, {"model": "admin.logentry", "pk": 204, "fields": {"action_time": "2022-02-01T04:47:59.219Z", "user": 1, "content_type": null, "object_id": "70", "object_repr": "Gamaley", "action_flag": 3, "change_message": ""}}, {"model": "admin.logentry", "pk": 205, "fields": {"action_time": "2022-02-01T04:47:59.354Z", "user": 1, "content_type": null, "object_id": "69", "object_repr": "Gamaley", "action_flag": 3, "change_message": ""}}, {"model": "admin.logentry", "pk": 206, "fields": {"action_time": "2022-02-01T04:47:59.486Z", "user": 1, "content_type": null, "object_id": "68", "object_repr": "Gamaley", "action_flag": 3, "change_message": ""}}, {"model": "admin.logentry", "pk": 207, "fields": {"action_time": "2022-02-01T04:47:59.636Z", "user": 1, "content_type": null, "object_id": "67", "object_repr": "Gamaley", "action_flag": 3, "change_message": ""}}, {"model": "admin.logentry", "pk": 208, "fields": {"action_time": "2022-02-01T04:47:59.753Z", "user": 1, "content_type": null, "object_id": "66", "object_repr": "Gamaley", "action_flag": 3, "change_message": ""}}, {"model": "admin.logentry", "pk": 209, "fields": {"action_time": "2022-02-01T04:47:59.878Z", "user": 1, "content_type": null, "object_id": "65", "object_repr": "Gamaley", "action_flag": 3, "change_message": ""}}, {"model": "admin.logentry", "pk": 210, "fields": {"action_time": "2022-02-01T04:47:59.995Z", "user": 1, "content_type": null, "object_id": "64", "object_repr": "Gamaley", "action_flag": 3, "change_message": ""}}, {"model": "admin.logentry", "pk": 211, "fields": {"action_time": "2022-02-01T04:48:00.119Z", "user": 1, "content_type": null, "object_id": "63", "object_repr": "Gamaley", "action_flag": 3, "change_message": ""}}, {"model": "admin.logentry", "pk": 212, "fields": {"action_time": "2022-02-01T04:48:00.245Z", "user": 1, "content_type": null, "object_id": "62", "object_repr": "Gamaley", "action_flag": 3, "change_message": ""}}, {"model": "admin.logentry", "pk": 213, "fields": {"action_time": "2022-02-01T04:48:00.341Z", "user": 1, "content_type": null, "object_id": "61", "object_repr": "Gamaley", "action_flag": 3, "change_message": ""}}, {"model": "admin.logentry", "pk": 214, "fields": {"action_time": "2022-02-01T04:48:00.461Z", "user": 1, "content_type": null, "object_id": "60", "object_repr": "Gamaley", "action_flag": 3, "change_message": ""}}, {"model": "admin.logentry", "pk": 215, "fields": {"action_time": "2022-02-01T04:48:00.569Z", "user": 1, "content_type": null, "object_id": "59", "object_repr": "Gamaley", "action_flag": 3, "change_message": ""}}, {"model": "admin.logentry", "pk": 216, "fields": {"action_time": "2022-02-01T04:48:00.694Z", "user": 1, "content_type": null, "object_id": "58", "object_repr": "Gamaley", "action_flag": 3, "change_message": ""}}, {"model": "admin.logentry", "pk": 217, "fields": {"action_time": "2022-02-01T04:48:00.800Z", "user": 1, "content_type": null, "object_id": "57", "object_repr": "Gamaley", "action_flag": 3, "change_message": ""}}, {"model": "admin.logentry", "pk": 218, "fields": {"action_time": "2022-02-01T04:48:00.921Z", "user": 1, "content_type": null, "object_id": "56", "object_repr": "Gamaley", "action_flag": 3, "change_message": ""}}, {"model": "admin.logentry", "pk": 219, "fields": {"action_time": "2022-02-01T04:48:01.036Z", "user": 1, "content_type": null, "object_id": "55", "object_repr": "Gamaley", "action_flag": 3, "change_message": ""}}, {"model": "admin.logentry", "pk": 220, "fields": {"action_time": "2022-02-01T04:48:01.151Z", "user": 1, "content_type": null, "object_id": "54", "object_repr": "Gamaley", "action_flag": 3, "change_message": ""}}, {"model": "admin.logentry", "pk": 221, "fields": {"action_time": "2022-02-01T04:48:01.270Z", "user": 1, "content_type": null, "object_id": "53", "object_repr": "Gamaley", "action_flag": 3, "change_message": ""}}, {"model": "admin.logentry", "pk": 222, "fields": {"action_time": "2022-02-01T04:48:01.395Z", "user": 1, "content_type": null, "object_id": "52", "object_repr": "Gamaley", "action_flag": 3, "change_message": ""}}, {"model": "admin.logentry", "pk": 223, "fields": {"action_time": "2022-02-01T04:48:01.510Z", "user": 1, "content_type": null, "object_id": "51", "object_repr": "Gamaley", "action_flag": 3, "change_message": ""}}, {"model": "admin.logentry", "pk": 224, "fields": {"action_time": "2022-02-01T04:48:01.620Z", "user": 1, "content_type": null, "object_id": "50", "object_repr": "Gamaley", "action_flag": 3, "change_message": ""}}, {"model": "admin.logentry", "pk": 225, "fields": {"action_time": "2022-02-01T04:48:01.738Z", "user": 1, "content_type": null, "object_id": "49", "object_repr": "Gamaley", "action_flag": 3, "change_message": ""}}, {"model": "admin.logentry", "pk": 226, "fields": {"action_time": "2022-02-01T04:48:01.851Z", "user": 1, "content_type": null, "object_id": "48", "object_repr": "Gamaley", "action_flag": 3, "change_message": ""}}, {"model": "admin.logentry", "pk": 227, "fields": {"action_time": "2022-02-01T04:48:01.969Z", "user": 1, "content_type": null, "object_id": "47", "object_repr": "Gamaley", "action_flag": 3, "change_message": ""}}, {"model": "admin.logentry", "pk": 228, "fields": {"action_time": "2022-02-01T04:48:02.086Z", "user": 1, "content_type": null, "object_id": "46", "object_repr": "Gamaley", "action_flag": 3, "change_message": ""}}, {"model": "admin.logentry", "pk": 229, "fields": {"action_time": "2022-02-01T04:48:02.203Z", "user": 1, "content_type": null, "object_id": "45", "object_repr": "Gamaley", "action_flag": 3, "change_message": ""}}, {"model": "admin.logentry", "pk": 230, "fields": {"action_time": "2022-02-01T04:48:02.311Z", "user": 1, "content_type": null, "object_id": "44", "object_repr": "Gamaley", "action_flag": 3, "change_message": ""}}, {"model": "admin.logentry", "pk": 231, "fields": {"action_time": "2022-02-01T04:48:02.436Z", "user": 1, "content_type": null, "object_id": "43", "object_repr": "Gamaley", "action_flag": 3, "change_message": ""}}, {"model": "admin.logentry", "pk": 232, "fields": {"action_time": "2022-02-01T04:48:02.545Z", "user": 1, "content_type": null, "object_id": "42", "object_repr": "Gamaley", "action_flag": 3, "change_message": ""}}, {"model": "admin.logentry", "pk": 233, "fields": {"action_time": "2022-02-01T04:48:02.653Z", "user": 1, "content_type": null, "object_id": "41", "object_repr": "Gamaley", "action_flag": 3, "change_message": ""}}, {"model": "admin.logentry", "pk": 234, "fields": {"action_time": "2022-02-01T04:48:02.770Z", "user": 1, "content_type": null, "object_id": "40", "object_repr": "Gamaley", "action_flag": 3, "change_message": ""}}, {"model": "admin.logentry", "pk": 235, "fields": {"action_time": "2022-02-01T04:48:02.878Z", "user": 1, "content_type": null, "object_id": "39", "object_repr": "Gamaley", "action_flag": 3, "change_message": ""}}, {"model": "admin.logentry", "pk": 236, "fields": {"action_time": "2022-02-01T04:48:02.986Z", "user": 1, "content_type": null, "object_id": "38", "object_repr": "Gamaley", "action_flag": 3, "change_message": ""}}, {"model": "admin.logentry", "pk": 237, "fields": {"action_time": "2022-02-01T04:48:03.095Z", "user": 1, "content_type": null, "object_id": "37", "object_repr": "Gamaley", "action_flag": 3, "change_message": ""}}, {"model": "admin.logentry", "pk": 238, "fields": {"action_time": "2022-02-01T04:48:03.212Z", "user": 1, "content_type": null, "object_id": "36", "object_repr": "Gamaley", "action_flag": 3, "change_message": ""}}, {"model": "admin.logentry", "pk": 239, "fields": {"action_time": "2022-02-01T04:48:03.331Z", "user": 1, "content_type": null, "object_id": "35", "object_repr": "Gamaley", "action_flag": 3, "change_message": ""}}, {"model": "admin.logentry", "pk": 240, "fields": {"action_time": "2022-02-01T04:48:03.454Z", "user": 1, "content_type": null, "object_id": "34", "object_repr": "Gamaley", "action_flag": 3, "change_message": ""}}, {"model": "admin.logentry", "pk": 241, "fields": {"action_time": "2022-02-01T04:48:03.558Z", "user": 1, "content_type": null, "object_id": "33", "object_repr": "Gamaley", "action_flag": 3, "change_message": ""}}, {"model": "admin.logentry", "pk": 242, "fields": {"action_time": "2022-02-01T04:48:03.670Z", "user": 1, "content_type": null, "object_id": "32", "object_repr": "Gamaley", "action_flag": 3, "change_message": ""}}, {"model": "admin.logentry", "pk": 243, "fields": {"action_time": "2022-02-01T04:48:03.784Z", "user": 1, "content_type": null, "object_id": "31", "object_repr": "Gamaley", "action_flag": 3, "change_message": ""}}, {"model": "admin.logentry", "pk": 244, "fields": {"action_time": "2022-02-01T04:48:03.913Z", "user": 1, "content_type": null, "object_id": "30", "object_repr": "Gamaley", "action_flag": 3, "change_message": ""}}, {"model": "admin.logentry", "pk": 245, "fields": {"action_time": "2022-02-01T04:48:04.037Z", "user": 1, "content_type": null, "object_id": "29", "object_repr": "Gamaley", "action_flag": 3, "change_message": ""}}, {"model": "admin.logentry", "pk": 246, "fields": {"action_time": "2022-02-01T04:48:04.154Z", "user": 1, "content_type": null, "object_id": "28", "object_repr": "Gamaley", "action_flag": 3, "change_message": ""}}, {"model": "admin.logentry", "pk": 247, "fields": {"action_time": "2022-02-01T04:48:04.254Z", "user": 1, "content_type": null, "object_id": "27", "object_repr": "Gamaley", "action_flag": 3, "change_message": ""}}, {"model": "admin.logentry", "pk": 248, "fields": {"action_time": "2022-02-01T04:48:04.361Z", "user": 1, "content_type": null, "object_id": "26", "object_repr": "Gamaley", "action_flag": 3, "change_message": ""}}, {"model": "admin.logentry", "pk": 249, "fields": {"action_time": "2022-02-01T04:48:04.475Z", "user": 1, "content_type": null, "object_id": "25", "object_repr": "Gamaley", "action_flag": 3, "change_message": ""}}, {"model": "admin.logentry", "pk": 250, "fields": {"action_time": "2022-02-01T04:48:04.586Z", "user": 1, "content_type": null, "object_id": "24", "object_repr": "Gamaley", "action_flag": 3, "change_message": ""}}, {"model": "admin.logentry", "pk": 251, "fields": {"action_time": "2022-02-02T04:07:25.323Z", "user": 1, "content_type": null, "object_id": "139", "object_repr": "Gamaley", "action_flag": 3, "change_message": ""}}, {"model": "admin.logentry", "pk": 252, "fields": {"action_time": "2022-02-02T04:07:25.722Z", "user": 1, "content_type": null, "object_id": "138", "object_repr": "Gamaley", "action_flag": 3, "change_message": ""}}, {"model": "admin.logentry", "pk": 253, "fields": {"action_time": "2022-02-02T04:07:25.840Z", "user": 1, "content_type": null, "object_id": "137", "object_repr": "Gamaley", "action_flag": 3, "change_message": ""}}, {"model": "admin.logentry", "pk": 254, "fields": {"action_time": "2022-02-02T04:07:25.980Z", "user": 1, "content_type": null, "object_id": "136", "object_repr": "Gamaley", "action_flag": 3, "change_message": ""}}, {"model": "admin.logentry", "pk": 255, "fields": {"action_time": "2022-02-02T04:07:26.113Z", "user": 1, "content_type": null, "object_id": "135", "object_repr": "Gamaley", "action_flag": 3, "change_message": ""}}, {"model": "admin.logentry", "pk": 256, "fields": {"action_time": "2022-02-02T04:07:26.253Z", "user": 1, "content_type": null, "object_id": "134", "object_repr": "Gamaley", "action_flag": 3, "change_message": ""}}, {"model": "admin.logentry", "pk": 257, "fields": {"action_time": "2022-02-02T04:07:26.371Z", "user": 1, "content_type": null, "object_id": "133", "object_repr": "Gamaley", "action_flag": 3, "change_message": ""}}, {"model": "admin.logentry", "pk": 258, "fields": {"action_time": "2022-02-02T04:07:26.480Z", "user": 1, "content_type": null, "object_id": "132", "object_repr": "Gamaley", "action_flag": 3, "change_message": ""}}, {"model": "admin.logentry", "pk": 259, "fields": {"action_time": "2022-02-02T04:07:26.589Z", "user": 1, "content_type": null, "object_id": "131", "object_repr": "Gamaley", "action_flag": 3, "change_message": ""}}, {"model": "admin.logentry", "pk": 260, "fields": {"action_time": "2022-02-02T04:07:26.696Z", "user": 1, "content_type": null, "object_id": "130", "object_repr": "Gamaley", "action_flag": 3, "change_message": ""}}, {"model": "admin.logentry", "pk": 261, "fields": {"action_time": "2022-02-02T04:07:26.814Z", "user": 1, "content_type": null, "object_id": "129", "object_repr": "Gamaley", "action_flag": 3, "change_message": ""}}, {"model": "admin.logentry", "pk": 262, "fields": {"action_time": "2022-02-02T04:07:26.929Z", "user": 1, "content_type": null, "object_id": "128", "object_repr": "Gamaley", "action_flag": 3, "change_message": ""}}, {"model": "admin.logentry", "pk": 263, "fields": {"action_time": "2022-02-02T04:07:27.054Z", "user": 1, "content_type": null, "object_id": "127", "object_repr": "Gamaley", "action_flag": 3, "change_message": ""}}, {"model": "admin.logentry", "pk": 264, "fields": {"action_time": "2022-02-02T04:07:27.170Z", "user": 1, "content_type": null, "object_id": "126", "object_repr": "Gamaley", "action_flag": 3, "change_message": ""}}, {"model": "admin.logentry", "pk": 265, "fields": {"action_time": "2022-02-02T04:07:27.280Z", "user": 1, "content_type": null, "object_id": "125", "object_repr": "Gamaley", "action_flag": 3, "change_message": ""}}, {"model": "admin.logentry", "pk": 266, "fields": {"action_time": "2022-02-02T04:07:27.363Z", "user": 1, "content_type": null, "object_id": "124", "object_repr": "Gamaley", "action_flag": 3, "change_message": ""}}, {"model": "admin.logentry", "pk": 267, "fields": {"action_time": "2022-02-02T04:07:27.474Z", "user": 1, "content_type": null, "object_id": "123", "object_repr": "Gamaley", "action_flag": 3, "change_message": ""}}, {"model": "admin.logentry", "pk": 268, "fields": {"action_time": "2022-02-02T04:07:27.589Z", "user": 1, "content_type": null, "object_id": "122", "object_repr": "Gamaley", "action_flag": 3, "change_message": ""}}, {"model": "admin.logentry", "pk": 269, "fields": {"action_time": "2022-02-02T04:07:27.694Z", "user": 1, "content_type": null, "object_id": "121", "object_repr": "Gamaley", "action_flag": 3, "change_message": ""}}, {"model": "admin.logentry", "pk": 270, "fields": {"action_time": "2022-02-02T04:07:27.805Z", "user": 1, "content_type": null, "object_id": "120", "object_repr": "Gamaley", "action_flag": 3, "change_message": ""}}, {"model": "admin.logentry", "pk": 271, "fields": {"action_time": "2022-02-02T04:07:27.921Z", "user": 1, "content_type": null, "object_id": "119", "object_repr": "Gamaley", "action_flag": 3, "change_message": ""}}, {"model": "admin.logentry", "pk": 272, "fields": {"action_time": "2022-02-02T04:07:28.036Z", "user": 1, "content_type": null, "object_id": "118", "object_repr": "Gamaley", "action_flag": 3, "change_message": ""}}, {"model": "admin.logentry", "pk": 273, "fields": {"action_time": "2022-02-02T04:07:28.147Z", "user": 1, "content_type": null, "object_id": "117", "object_repr": "Gamaley", "action_flag": 3, "change_message": ""}}, {"model": "admin.logentry", "pk": 274, "fields": {"action_time": "2022-02-02T04:07:28.271Z", "user": 1, "content_type": null, "object_id": "116", "object_repr": "Gamaley", "action_flag": 3, "change_message": ""}}, {"model": "admin.logentry", "pk": 275, "fields": {"action_time": "2022-02-02T04:07:28.380Z", "user": 1, "content_type": null, "object_id": "115", "object_repr": "Gamaley", "action_flag": 3, "change_message": ""}}, {"model": "admin.logentry", "pk": 276, "fields": {"action_time": "2022-02-02T04:07:28.496Z", "user": 1, "content_type": null, "object_id": "114", "object_repr": "Gamaley", "action_flag": 3, "change_message": ""}}, {"model": "admin.logentry", "pk": 277, "fields": {"action_time": "2022-02-02T04:07:28.605Z", "user": 1, "content_type": null, "object_id": "113", "object_repr": "Gamaley", "action_flag": 3, "change_message": ""}}, {"model": "admin.logentry", "pk": 278, "fields": {"action_time": "2022-02-02T04:07:28.718Z", "user": 1, "content_type": null, "object_id": "112", "object_repr": "Gamaley", "action_flag": 3, "change_message": ""}}, {"model": "admin.logentry", "pk": 279, "fields": {"action_time": "2022-02-02T04:07:38.204Z", "user": 1, "content_type": null, "object_id": "92", "object_repr": "jorden", "action_flag": 3, "change_message": ""}}, {"model": "admin.logentry", "pk": 280, "fields": {"action_time": "2022-02-02T04:07:38.588Z", "user": 1, "content_type": null, "object_id": "91", "object_repr": "Blue Shirt", "action_flag": 3, "change_message": ""}}, {"model": "admin.logentry", "pk": 281, "fields": {"action_time": "2022-02-02T04:07:38.722Z", "user": 1, "content_type": null, "object_id": "90", "object_repr": "Blue Shirt", "action_flag": 3, "change_message": ""}}, {"model": "admin.logentry", "pk": 282, "fields": {"action_time": "2022-02-02T04:07:38.864Z", "user": 1, "content_type": null, "object_id": "89", "object_repr": "atx-jeans", "action_flag": 3, "change_message": ""}}, {"model": "admin.logentry", "pk": 283, "fields": {"action_time": "2022-02-02T04:07:38.989Z", "user": 1, "content_type": null, "object_id": "88", "object_repr": "atx-jeans", "action_flag": 3, "change_message": ""}}, {"model": "admin.logentry", "pk": 284, "fields": {"action_time": "2022-02-02T04:07:39.104Z", "user": 1, "content_type": null, "object_id": "87", "object_repr": "atx-jeans", "action_flag": 3, "change_message": ""}}, {"model": "admin.logentry", "pk": 285, "fields": {"action_time": "2022-02-02T04:07:39.214Z", "user": 1, "content_type": null, "object_id": "86", "object_repr": "atx-jeans", "action_flag": 3, "change_message": ""}}, {"model": "admin.logentry", "pk": 286, "fields": {"action_time": "2022-02-02T04:07:47.066Z", "user": 1, "content_type": null, "object_id": "60", "object_repr": "4b90t1u6aoza7encddsrr4ffrzp8n84e", "action_flag": 3, "change_message": ""}}, {"model": "admin.logentry", "pk": 287, "fields": {"action_time": "2022-02-02T04:07:47.214Z", "user": 1, "content_type": null, "object_id": "59", "object_repr": "c61jdckartut8wzm0gfgfwdr3qyguynh", "action_flag": 3, "change_message": ""}}, {"model": "admin.logentry", "pk": 288, "fields": {"action_time": "2022-02-02T04:07:47.355Z", "user": 1, "content_type": null, "object_id": "58", "object_repr": "1091ff2y246jdmr44e4m7b5jlpetxmuj", "action_flag": 3, "change_message": ""}}, {"model": "admin.logentry", "pk": 289, "fields": {"action_time": "2022-02-02T04:07:47.490Z", "user": 1, "content_type": null, "object_id": "57", "object_repr": "pa62ebitv1zg3db5ug2ntuv54q0xhnr5", "action_flag": 3, "change_message": ""}}, {"model": "admin.logentry", "pk": 290, "fields": {"action_time": "2022-02-02T04:07:47.623Z", "user": 1, "content_type": null, "object_id": "56", "object_repr": "4ismvrnllkhrutt3u4bl6n3jnj1zaaba", "action_flag": 3, "change_message": ""}}, {"model": "admin.logentry", "pk": 291, "fields": {"action_time": "2022-02-03T04:28:56.674Z", "user": 1, "content_type": null, "object_id": "1", "object_repr": "GAMALEY", "action_flag": 1, "change_message": "[{\"added\": {}}]"}}, {"model": "admin.logentry", "pk": 292, "fields": {"action_time": "2022-02-03T15:49:49.559Z", "user": 1, "content_type": null, "object_id": "103", "object_repr": "atx-jeans", "action_flag": 3, "change_message": ""}}, {"model": "admin.logentry", "pk": 293, "fields": {"action_time": "2022-02-03T15:49:56.815Z", "user": 1, "content_type": null, "object_id": "65", "object_repr": "6v3wlfixynv53swt0ejxx3g5qrjl02nc", "action_flag": 3, "change_message": ""}}, {"model": "admin.logentry", "pk": 294, "fields": {"action_time": "2022-02-03T15:49:57.067Z", "user": 1, "content_type": null, "object_id": "64", "object_repr": "ghfkdbce8y8b35nq0dpzepsey4ebtv6d", "action_flag": 3, "change_message": ""}}, {"model": "admin.logentry", "pk": 295, "fields": {"action_time": "2022-02-03T15:49:57.200Z", "user": 1, "content_type": null, "object_id": "63", "object_repr": "57ruep1pm1mwmxkx1so6mt6yi2o786qt", "action_flag": 3, "change_message": ""}}, {"model": "admin.logentry", "pk": 296, "fields": {"action_time": "2022-02-03T15:49:57.325Z", "user": 1, "content_type": null, "object_id": "62", "object_repr": "4y1fqzh88c4smdmw5nae9r3homo4tllj", "action_flag": 3, "change_message": ""}}, {"model": "admin.logentry", "pk": 297, "fields": {"action_time": "2022-02-03T15:49:57.459Z", "user": 1, "content_type": null, "object_id": "61", "object_repr": "852065x1dmq6qrj79t7h0ll72r7hufyk", "action_flag": 3, "change_message": ""}}, {"model": "admin.logentry", "pk": 298, "fields": {"action_time": "2022-02-04T04:42:12.160Z", "user": 1, "content_type": null, "object_id": "108", "object_repr": "atx-jeans", "action_flag": 3, "change_message": ""}}, {"model": "admin.logentry", "pk": 299, "fields": {"action_time": "2022-02-04T04:42:12.669Z", "user": 1, "content_type": null, "object_id": "107", "object_repr": "atx-jeans", "action_flag": 3, "change_message": ""}}, {"model": "admin.logentry", "pk": 300, "fields": {"action_time": "2022-02-04T04:42:12.809Z", "user": 1, "content_type": null, "object_id": "106", "object_repr": "atx-jeans", "action_flag": 3, "change_message": ""}}, {"model": "admin.logentry", "pk": 301, "fields": {"action_time": "2022-02-04T05:18:59.949Z", "user": 1, "content_type": null, "object_id": "7", "object_repr": "wrangler", "action_flag": 2, "change_message": "[{\"added\": {\"name\": \"product gallery\", \"object\": \"wrangler\"}}]"}}, {"model": "admin.logentry", "pk": 302, "fields": {"action_time": "2022-02-04T05:19:10.993Z", "user": 1, "content_type": null, "object_id": "7", "object_repr": "wrangler", "action_flag": 2, "change_message": "[{\"deleted\": {\"name\": \"product gallery\", \"object\": \"wrangler\"}}]"}}, {"model": "admin.logentry", "pk": 303, "fields": {"action_time": "2022-02-04T05:19:46.350Z", "user": 1, "content_type": null, "object_id": "7", "object_repr": "wrangler", "action_flag": 2, "change_message": "[{\"added\": {\"name\": \"product gallery\", \"object\": \"wrangler\"}}]"}}, {"model": "admin.logentry", "pk": 304, "fields": {"action_time": "2022-02-04T08:00:54.482Z", "user": 1, "content_type": null, "object_id": "6", "object_repr": "DTF ATRAMENTY", "action_flag": 1, "change_message": "[{\"added\": {}}]"}}, {"model": "admin.logentry", "pk": 305, "fields": {"action_time": "2022-02-04T08:01:26.459Z", "user": 1, "content_type": null, "object_id": "6", "object_repr": "DTF Atramenty", "action_flag": 2, "change_message": "[{\"changed\": {\"fields\": [\"Category name\"]}}]"}}, {"model": "admin.logentry", "pk": 306, "fields": {"action_time": "2022-02-04T08:02:06.971Z", "user": 1, "content_type": null, "object_id": "7", "object_repr": "DTF Pet Flie", "action_flag": 1, "change_message": "[{\"added\": {}}]"}}, {"model": "admin.logentry", "pk": 307, "fields": {"action_time": "2022-02-04T08:03:03.282Z", "user": 1, "content_type": null, "object_id": "8", "object_repr": "DTF Prok", "action_flag": 1, "change_message": "[{\"added\": {}}]"}}, {"model": "admin.logentry", "pk": 308, "fields": {"action_time": "2022-02-04T08:05:31.178Z", "user": 1, "content_type": null, "object_id": "8", "object_repr": "A3", "action_flag": 1, "change_message": "[{\"added\": {}}]"}}, {"model": "admin.logentry", "pk": 309, "fields": {"action_time": "2022-02-04T08:06:01.653Z", "user": 1, "content_type": null, "object_id": "9", "object_repr": "A3plus", "action_flag": 1, "change_message": "[{\"added\": {}}]"}}, {"model": "admin.logentry", "pk": 310, "fields": {"action_time": "2022-02-04T08:06:28.089Z", "user": 1, "content_type": null, "object_id": "10", "object_repr": "60X100", "action_flag": 1, "change_message": "[{\"added\": {}}]"}}, {"model": "admin.logentry", "pk": 311, "fields": {"action_time": "2022-02-04T08:06:55.396Z", "user": 1, "content_type": null, "object_id": "11", "object_repr": "30X100", "action_flag": 1, "change_message": "[{\"added\": {}}]"}}, {"model": "admin.logentry", "pk": 312, "fields": {"action_time": "2022-02-04T08:07:19.158Z", "user": 1, "content_type": null, "object_id": "12", "object_repr": "33x100", "action_flag": 1, "change_message": "[{\"added\": {}}]"}}, {"model": "admin.logentry", "pk": 313, "fields": {"action_time": "2022-02-04T08:07:59.417Z", "user": 1, "content_type": null, "object_id": "13", "object_repr": "A4", "action_flag": 1, "change_message": "[{\"added\": {}}]"}}, {"model": "admin.logentry", "pk": 314, "fields": {"action_time": "2022-02-04T08:08:29.320Z", "user": 1, "content_type": null, "object_id": "14", "object_repr": "cherny", "action_flag": 1, "change_message": "[{\"added\": {}}]"}}, {"model": "admin.logentry", "pk": 315, "fields": {"action_time": "2022-02-04T08:09:15.388Z", "user": 1, "content_type": null, "object_id": "15", "object_repr": "s kopcom", "action_flag": 1, "change_message": "[{\"added\": {}}]"}}, {"model": "admin.logentry", "pk": 316, "fields": {"action_time": "2022-02-04T08:09:38.308Z", "user": 1, "content_type": null, "object_id": "16", "object_repr": "prasek", "action_flag": 1, "change_message": "[{\"added\": {}}]"}}, {"model": "admin.logentry", "pk": 317, "fields": {"action_time": "2022-02-04T08:10:03.270Z", "user": 1, "content_type": null, "object_id": "17", "object_repr": "cervena", "action_flag": 1, "change_message": "[{\"added\": {}}]"}}, {"model": "admin.logentry", "pk": 318, "fields": {"action_time": "2022-02-04T08:10:40.267Z", "user": 1, "content_type": null, "object_id": "18", "object_repr": "zlt", "action_flag": 1, "change_message": "[{\"added\": {}}]"}}, {"model": "admin.logentry", "pk": 319, "fields": {"action_time": "2022-02-04T08:11:12.180Z", "user": 1, "content_type": null, "object_id": "19", "object_repr": "cierna farba", "action_flag": 1, "change_message": "[{\"added\": {}}]"}}, {"model": "admin.logentry", "pk": 320, "fields": {"action_time": "2022-02-04T08:11:44.351Z", "user": 1, "content_type": null, "object_id": "20", "object_repr": "biela farba", "action_flag": 1, "change_message": "[{\"added\": {}}]"}}, {"model": "admin.logentry", "pk": 321, "fields": {"action_time": "2022-02-04T08:12:10.748Z", "user": 1, "content_type": null, "object_id": "21", "object_repr": "modra", "action_flag": 1, "change_message": "[{\"added\": {}}]"}}, {"model": "admin.logentry", "pk": 322, "fields": {"action_time": "2022-02-04T08:12:51.390Z", "user": 1, "content_type": null, "object_id": "5", "object_repr": "Shirt", "action_flag": 3, "change_message": ""}}, {"model": "admin.logentry", "pk": 323, "fields": {"action_time": "2022-02-04T08:12:51.789Z", "user": 1, "content_type": null, "object_id": "4", "object_repr": "Jeans", "action_flag": 3, "change_message": ""}}, {"model": "admin.logentry", "pk": 324, "fields": {"action_time": "2022-02-04T08:12:51.912Z", "user": 1, "content_type": null, "object_id": "3", "object_repr": "jackets", "action_flag": 3, "change_message": ""}}, {"model": "admin.logentry", "pk": 325, "fields": {"action_time": "2022-02-04T08:12:52.029Z", "user": 1, "content_type": null, "object_id": "2", "object_repr": "shoes", "action_flag": 3, "change_message": ""}}, {"model": "admin.logentry", "pk": 326, "fields": {"action_time": "2022-02-04T08:12:52.138Z", "user": 1, "content_type": null, "object_id": "1", "object_repr": "T shirt", "action_flag": 3, "change_message": ""}}, {"model": "admin.logentry", "pk": 327, "fields": {"action_time": "2022-02-06T03:49:49.701Z", "user": 1, "content_type": null, "object_id": "9", "object_repr": "Nhradn Diely", "action_flag": 1, "change_message": "[{\"added\": {}}]"}}, {"model": "admin.logentry", "pk": 328, "fields": {"action_time": "2022-02-06T03:52:21.467Z", "user": 1, "content_type": null, "object_id": "22", "object_repr": "thing1", "action_flag": 1, "change_message": "[{\"added\": {}}]"}}, {"model": "admin.logentry", "pk": 329, "fields": {"action_time": "2022-02-06T03:53:14.035Z", "user": 1, "content_type": null, "object_id": "23", "object_repr": "thing 2", "action_flag": 1, "change_message": "[{\"added\": {}}]"}}, {"model": "admin.logentry", "pk": 330, "fields": {"action_time": "2022-02-06T03:53:37.298Z", "user": 1, "content_type": null, "object_id": "24", "object_repr": "thing 3", "action_flag": 1, "change_message": "[{\"added\": {}}]"}}, {"model": "admin.logentry", "pk": 331, "fields": {"action_time": "2022-02-06T03:58:39.324Z", "user": 1, "content_type": null, "object_id": "25", "object_repr": "thing 4", "action_flag": 1, "change_message": "[{\"added\": {}}]"}}, {"model": "admin.logentry", "pk": 332, "fields": {"action_time": "2022-02-07T15:57:19.621Z", "user": 1, "content_type": null, "object_id": "115", "object_repr": "thing 4", "action_flag": 3, "change_message": ""}}, {"model": "admin.logentry", "pk": 333, "fields": {"action_time": "2022-02-07T15:57:19.731Z", "user": 1, "content_type": null, "object_id": "114", "object_repr": "A3", "action_flag": 3, "change_message": ""}}, {"model": "auth.permission", "pk": 145, "fields": {"name": "Can add log entry", "content_type": 35, "codename": "add_logentry"}}, {"model": "auth.permission", "pk": 146, "fields": {"name": "Can change log entry", "content_type": 35, "codename": "change_logentry"}}, {"model": "auth.permission", "pk": 147, "fields": {"name": "Can delete log entry", "content_type": 35, "codename": "delete_logentry"}}, {"model": "auth.permission", "pk": 148, "fields": {"name": "Can view log entry", "content_type": 35, "codename": "view_logentry"}}, {"model": "auth.permission", "pk": 149, "fields": {"name": "Can add permission", "content_type": 36, "codename": "add_permission"}}, {"model": "auth.permission", "pk": 150, "fields": {"name": "Can change permission", "content_type": 36, "codename": "change_permission"}}, {"model": "auth.permission", "pk": 151, "fields": {"name": "Can delete permission", "content_type": 36, "codename": "delete_permission"}}, {"model": "auth.permission", "pk": 152, "fields": {"name": "Can view permission", "content_type": 36, "codename": "view_permission"}}, {"model": "auth.permission", "pk": 153, "fields": {"name": "Can add group", "content_type": 37, "codename": "add_group"}}, {"model": "auth.permission", "pk": 154, "fields": {"name": "Can change group", "content_type": 37, "codename": "change_group"}}, {"model": "auth.permission", "pk": 155, "fields": {"name": "Can delete group", "content_type": 37, "codename": "delete_group"}}, {"model": "auth.permission", "pk": 156, "fields": {"name": "Can view group", "content_type": 37, "codename": "view_group"}}, {"model": "auth.permission", "pk": 157, "fields": {"name": "Can add content type", "content_type": 38, "codename": "add_contenttype"}}, {"model": "auth.permission", "pk": 158, "fields": {"name": "Can change content type", "content_type": 38, "codename": "change_contenttype"}}, {"model": "auth.permission", "pk": 159, "fields": {"name": "Can delete content type", "content_type": 38, "codename": "delete_contenttype"}}, {"model": "auth.permission", "pk": 160, "fields": {"name": "Can view content type", "content_type": 38, "codename": "view_contenttype"}}, {"model": "auth.permission", "pk": 161, "fields": {"name": "Can add session", "content_type": 39, "codename": "add_session"}}, {"model": "auth.permission", "pk": 162, "fields": {"name": "Can change session", "content_type": 39, "codename": "change_session"}}, {"model": "auth.permission", "pk": 163, "fields": {"name": "Can delete session", "content_type": 39, "codename": "delete_session"}}, {"model": "auth.permission", "pk": 164, "fields": {"name": "Can view session", "content_type": 39, "codename": "view_session"}}, {"model": "auth.permission", "pk": 165, "fields": {"name": "Can add category", "content_type": 40, "codename": "add_category"}}, {"model": "auth.permission", "pk": 166, "fields": {"name": "Can change category", "content_type": 40, "codename": "change_category"}}, {"model": "auth.permission", "pk": 167, "fields": {"name": "Can delete category", "content_type": 40, "codename": "delete_category"}}, {"model": "auth.permission", "pk": 168, "fields": {"name": "Can view category", "content_type": 40, "codename": "view_category"}}, {"model": "auth.permission", "pk": 169, "fields": {"name": "Can add account", "content_type": 41, "codename": "add_account"}}, {"model": "auth.permission", "pk": 170, "fields": {"name": "Can change account", "content_type": 41, "codename": "change_account"}}, {"model": "auth.permission", "pk": 171, "fields": {"name": "Can delete account", "content_type": 41, "codename": "delete_account"}}, {"model": "auth.permission", "pk": 172, "fields": {"name": "Can view account", "content_type": 41, "codename": "view_account"}}, {"model": "auth.permission", "pk": 173, "fields": {"name": "Can add user profile", "content_type": 42, "codename": "add_userprofile"}}, {"model": "auth.permission", "pk": 174, "fields": {"name": "Can change user profile", "content_type": 42, "codename": "change_userprofile"}}, {"model": "auth.permission", "pk": 175, "fields": {"name": "Can delete user profile", "content_type": 42, "codename": "delete_userprofile"}}, {"model": "auth.permission", "pk": 176, "fields": {"name": "Can view user profile", "content_type": 42, "codename": "view_userprofile"}}, {"model": "auth.permission", "pk": 177, "fields": {"name": "Can add product", "content_type": 43, "codename": "add_product"}}, {"model": "auth.permission", "pk": 178, "fields": {"name": "Can change product", "content_type": 43, "codename": "change_product"}}, {"model": "auth.permission", "pk": 179, "fields": {"name": "Can delete product", "content_type": 43, "codename": "delete_product"}}, {"model": "auth.permission", "pk": 180, "fields": {"name": "Can view product", "content_type": 43, "codename": "view_product"}}, {"model": "auth.permission", "pk": 181, "fields": {"name": "Can add review rating", "content_type": 44, "codename": "add_reviewrating"}}, {"model": "auth.permission", "pk": 182, "fields": {"name": "Can change review rating", "content_type": 44, "codename": "change_reviewrating"}}, {"model": "auth.permission", "pk": 183, "fields": {"name": "Can delete review rating", "content_type": 44, "codename": "delete_reviewrating"}}, {"model": "auth.permission", "pk": 184, "fields": {"name": "Can view review rating", "content_type": 44, "codename": "view_reviewrating"}}, {"model": "auth.permission", "pk": 185, "fields": {"name": "Can add product gallery", "content_type": 45, "codename": "add_productgallery"}}, {"model": "auth.permission", "pk": 186, "fields": {"name": "Can change product gallery", "content_type": 45, "codename": "change_productgallery"}}, {"model": "auth.permission", "pk": 187, "fields": {"name": "Can delete product gallery", "content_type": 45, "codename": "delete_productgallery"}}, {"model": "auth.permission", "pk": 188, "fields": {"name": "Can view product gallery", "content_type": 45, "codename": "view_productgallery"}}, {"model": "auth.permission", "pk": 189, "fields": {"name": "Can add cart", "content_type": 46, "codename": "add_cart"}}, {"model": "auth.permission", "pk": 190, "fields": {"name": "Can change cart", "content_type": 46, "codename": "change_cart"}}, {"model": "auth.permission", "pk": 191, "fields": {"name": "Can delete cart", "content_type": 46, "codename": "delete_cart"}}, {"model": "auth.permission", "pk": 192, "fields": {"name": "Can view cart", "content_type": 46, "codename": "view_cart"}}, {"model": "auth.permission", "pk": 193, "fields": {"name": "Can add cart item", "content_type": 47, "codename": "add_cartitem"}}, {"model": "auth.permission", "pk": 194, "fields": {"name": "Can change cart item", "content_type": 47, "codename": "change_cartitem"}}, {"model": "auth.permission", "pk": 195, "fields": {"name": "Can delete cart item", "content_type": 47, "codename": "delete_cartitem"}}, {"model": "auth.permission", "pk": 196, "fields": {"name": "Can view cart item", "content_type": 47, "codename": "view_cartitem"}}, {"model": "auth.permission", "pk": 197, "fields": {"name": "Can add order", "content_type": 48, "codename": "add_order"}}, {"model": "auth.permission", "pk": 198, "fields": {"name": "Can change order", "content_type": 48, "codename": "change_order"}}, {"model": "auth.permission", "pk": 199, "fields": {"name": "Can delete order", "content_type": 48, "codename": "delete_order"}}, {"model": "auth.permission", "pk": 200, "fields": {"name": "Can view order", "content_type": 48, "codename": "view_order"}}, {"model": "auth.permission", "pk": 201, "fields": {"name": "Can add payment", "content_type": 49, "codename": "add_payment"}}, {"model": "auth.permission", "pk": 202, "fields": {"name": "Can change payment", "content_type": 49, "codename": "change_payment"}}, {"model": "auth.permission", "pk": 203, "fields": {"name": "Can delete payment", "content_type": 49, "codename": "delete_payment"}}, {"model": "auth.permission", "pk": 204, "fields": {"name": "Can view payment", "content_type": 49, "codename": "view_payment"}}, {"model": "auth.permission", "pk": 205, "fields": {"name": "Can add order product", "content_type": 50, "codename": "add_orderproduct"}}, {"model": "auth.permission", "pk": 206, "fields": {"name": "Can change order product", "content_type": 50, "codename": "change_orderproduct"}}, {"model": "auth.permission", "pk": 207, "fields": {"name": "Can delete order product", "content_type": 50, "codename": "delete_orderproduct"}}, {"model": "auth.permission", "pk": 208, "fields": {"name": "Can view order product", "content_type": 50, "codename": "view_orderproduct"}}, {"model": "auth.permission", "pk": 209, "fields": {"name": "Can add login attempt", "content_type": 51, "codename": "add_loginattempt"}}, {"model": "auth.permission", "pk": 210, "fields": {"name": "Can change login attempt", "content_type": 51, "codename": "change_loginattempt"}}, {"model": "auth.permission", "pk": 211, "fields": {"name": "Can delete login attempt", "content_type": 51, "codename": "delete_loginattempt"}}, {"model": "auth.permission", "pk": 212, "fields": {"name": "Can view login attempt", "content_type": 51, "codename": "view_loginattempt"}}, {"model": "contenttypes.contenttype", "pk": 35, "fields": {"app_label": "admin", "model": "logentry"}}, {"model": "contenttypes.contenttype", "pk": 36, "fields": {"app_label": "auth", "model": "permission"}}, {"model": "contenttypes.contenttype", "pk": 37, "fields": {"app_label": "auth", "model": "group"}}, {"model": "contenttypes.contenttype", "pk": 38, "fields": {"app_label": "contenttypes", "model": "contenttype"}}, {"model": "contenttypes.contenttype", "pk": 39, "fields": {"app_label": "sessions", "model": "session"}}, {"model": "contenttypes.contenttype", "pk": 40, "fields": {"app_label": "category", "model": "category"}}, {"model": "contenttypes.contenttype", "pk": 41, "fields": {"app_label": "accounts", "model": "account"}}, {"model": "contenttypes.contenttype", "pk": 42, "fields": {"app_label": "accounts", "model": "userprofile"}}, {"model": "contenttypes.contenttype", "pk": 43, "fields": {"app_label": "store", "model": "product"}}, {"model": "contenttypes.contenttype", "pk": 44, "fields": {"app_label": "store", "model": "reviewrating"}}, {"model": "contenttypes.contenttype", "pk": 45, "fields": {"app_label": "store", "model": "productgallery"}}, {"model": "contenttypes.contenttype", "pk": 46, "fields": {"app_label": "carts", "model": "cart"}}, {"model": "contenttypes.contenttype", "pk": 47, "fields": {"app_label": "carts", "model": "cartitem"}}, {"model": "contenttypes.contenttype", "pk": 48, "fields": {"app_label": "orders", "model": "order"}}, {"model": "contenttypes.contenttype", "pk": 49, "fields": {"app_label": "orders", "model": "payment"}}, {"model": "contenttypes.contenttype", "pk": 50, "fields": {"app_label": "orders", "model": "orderproduct"}}, {"model": "contenttypes.contenttype", "pk": 51, "fields": {"app_label": "admin_honeypot", "model": "loginattempt"}}, {"model": "sessions.session", "pk": "5ra3xkl8io48kjxwzxibfnujycn2embi", "fields": {"session_data": ".eJxVjMsOwiAQRf-FtSFQhqG4dO83kOExUjU0Ke3K-O_apAvd3nPOfYlA21rD1ssSpizOQqM4_Y6R0qO0neQ7tdss09zWZYpyV-RBu7zOuTwvh_t3UKnXb50wKnZUiDhCGTRbpwEVZwYcafCkKFlnQYEzOhpAj9rR6A1a4xhYvD8bqDer:1nF85T:G7d1H8GwNeTbI1FmbGugvXtCPRzsrn5221Ik8y5RIQc", "expire_date": "2022-02-16T05:21:47.730Z"}}, {"model": "sessions.session", "pk": "9tor4rf2qcqi6hcf9p6uqt027ohoet8b", "fields": {"session_data": ".eJxVjDsOwjAQBe_iGln-LV4o6TmDtV5vcAA5UpxUiLtDpBTQvpl5L5VoXWpau8xpLOqsrDr8bpn4IW0D5U7tNmme2jKPWW-K3mnX16nI87K7fweVev3WLvuAhiggR3aMVkwsYgIKgI3DUfjkM4PL0ZMHiIDFOLDILgY3WKPeH9TiNwg:1mzQrn:SRn2aZQNNBPNlrN8TDP5dgVFom01c5TGL1LYrlmCYlk", "expire_date": "2022-01-03T22:10:47.377Z"}}, {"model": "sessions.session", "pk": "c7geyuc59xko9fmzlgzns1p5rkxztzwe", "fields": {"session_data": ".eJxVjMsOwiAQRf-FtSFQhqG4dO83kOExUjU0Ke3K-O_apAvd3nPOfYlA21rD1ssSpizOQqM4_Y6R0qO0neQ7tdss09zWZYpyV-RBu7zOuTwvh_t3UKnXb50wKnZUiDhCGTRbpwEVZwYcafCkKFlnQYEzOhpAj9rR6A1a4xhYvD8bqDer:1nF8EY:pyctmZsvY4-z27f3G05mnpuWz5XCIqz9jo0B2pW8P2g", "expire_date": "2022-02-16T05:31:10.637Z"}}, {"model": "sessions.session", "pk": "ib6o18wxtoyjosc4zm4yd6rlkmgbeivz", "fields": {"session_data": ".eJxVjMsOwiAQRf-FtSFQhqG4dO83kOExUjU0Ke3K-O_apAvd3nPOfYlA21rD1ssSpizOQqM4_Y6R0qO0neQ7tdss09zWZYpyV-RBu7zOuTwvh_t3UKnXb50wKnZUiDhCGTRbpwEVZwYcafCkKFlnQYEzOhpAj9rR6A1a4xhYvD8bqDer:1nAe71:OpQUwL9q01pNjf8MLPjChZ91PPVS3xMFJmegitrBQPE", "expire_date": "2022-02-03T20:32:51.624Z"}}, {"model": "sessions.session", "pk": "nog6zes557nmxijge96jeqc5wuccjt4v", "fields": {"session_data": "e30:1n4y5G:iyfr_rWhz-WiblDp8CbGqGF_u7-HTxU1Sc5v0XXFdDo", "expire_date": "2022-01-19T04:39:34.514Z"}}, {"model": "sessions.session", "pk": "qgiujzh3miqo5yr35bbapn9ke0qwp5tj", "fields": {"session_data": ".eJxVjMEOwiAQBf-FsyHQUsr26N1vIMAuFrVgCj0Z_12b9NLrm5n3YbZSralkm3JqtqWFanPL27JJaqU6BaoHrrSWBi7Muq3Ndqu02oRsYpKdNu_Ck_IO8OHyvfBQcluT57vCD1r5rSC9rod7Ophdnf_1GM1g-jAidUoYYTxp7H1Ho8cxDAjkogChdKchhiAFyIGCiQJjjzBoYN8f49dGUQ:1nH6OF:ThvedQALJCVIrxBp_TkxHv7KE5sGH0KOyUDRupnaQ5E", "expire_date": "2022-02-21T15:57:19.966Z"}}, {"model": "category.category", "pk": 6, "fields": {"category_name": "DTF Atramenty", "slug": "dtf-atramenty", "description": "", "cat_image": ""}}, {"model": "category.category", "pk": 7, "fields": {"category_name": "DTF Pet Flie", "slug": "dtf-pet-folie", "description": "", "cat_image": ""}}, {"model": "category.category", "pk": 8, "fields": {"category_name": "DTF Prok", "slug": "dtf-prasok", "description": "", "cat_image": ""}}, {"model": "category.category", "pk": 9, "fields": {"category_name": "Nhradn Diely", "slug": "nahradne-diely", "description": "", "cat_image": ""}}, {"model": "accounts.account", "pk": 1, "fields": {"password": "pbkdf2_sha256$260000$jRujHXv0igV5RPLcG7MPJv$V40ZltETABuTAe1B/zOTkgR3YktVKub/na7gSK7yMsw=", "first_name": "gamaley", "last_name": "gamaley", "username": "anastasia", "email": "anastasiagamaley@gmail.com", "phone_number": "", "date_joinded": "2021-12-20T22:10:10.977Z", "last_login": "2022-02-07T15:57:08.923Z", "is_admin": true, "is_staff": true, "is_active": true, "is_superadmin": true}}, {"model": "accounts.account", "pk": 16, "fields": {"password": "pbkdf2_sha256$320000$vTlIQ7KvYsgJFVPRlCdyKZ$3hviyzeXtRi2hDCwCn06Erpjiqh5uvCA5xDYfsGNy9Q=", "first_name": "alisa", "last_name": "GAMALEY", "username": "gamaley91@gmail.com", "email": "gamaley91@gmail.com", "phone_number": "0951247995", "date_joinded": "2022-01-19T23:07:42.349Z", "last_login": "2022-02-05T12:24:42.667Z", "is_admin": false, "is_staff": false, "is_active": true, "is_superadmin": false}}, {"model": "accounts.account", "pk": 17, "fields": {"password": "pbkdf2_sha256$320000$lKw4m6pnj0FeH4XURl1vKp$ogg21Vz9/Fpri7i07FKZztDpfoBHV4+bB7GIXyA8BTA=", "first_name": "ANASTASIA", "last_name": "GAMALEY", "username": "bdiverbgmail.com", "email": "bdiverbgmail.com", "phone_number": "0951247995", "date_joinded": "2022-01-20T21:43:55.116Z", "last_login": "2022-01-20T21:43:55.116Z", "is_admin": false, "is_staff": false, "is_active": false, "is_superadmin": false}}, {"model": "accounts.account", "pk": 18, "fields": {"password": "pbkdf2_sha256$320000$X3NWrsgHNanZvAdsCEBg8h$0xGThMHz9tVJyZiEE0CDDuyTpJLGG7wyeWfFElZdUhc=", "first_name": "ANASTASIA", "last_name": "GAMALEY", "username": "bdiverb@gmail.com", "email": "bdiverb@gmail.com", "phone_number": "0951247995", "date_joinded": "2022-01-21T20:34:00.843Z", "last_login": "2022-01-21T20:34:00.843Z", "is_admin": false, "is_staff": false, "is_active": false, "is_superadmin": false}}, {"model": "accounts.account", "pk": 19, "fields": {"password": "pbkdf2_sha256$260000$7A1AUu4MDDOAy8buPxp7cc$UuWgpLfK9mJy2z+5T/Snc+tcPBoVwAWHGLrxjiWQ4H8=", "first_name": "ele", "last_name": "le", "username": "elele", "email": "elele@elele.sk", "phone_number": "", "date_joinded": "2022-02-07T09:17:07.105Z", "last_login": "2022-02-07T09:17:07.105Z", "is_admin": true, "is_staff": true, "is_active": true, "is_superadmin": true}}, {"model": "accounts.userprofile", "pk": 1, "fields": {"user": 16, "address_line_1": "Pribovce 62", "address_line_2": "121534", "city": "Prbovce", "country": "xdrbnt", "post_code": "038 4"}}, {"model": "store.product", "pk": 8, "fields": {"product_name": "A3", "slug": "a3", "description": "Lorem Ipsum is simply dummy text of the printing and typesetting industry. Lorem Ipsum has been the industry's standard dummy text ever since the 1500s, when an unknown printer took a galley of type and scrambled it to make a type specimen book. It has survived not only five centuries, but also the leap into electronic typesetting, remaining essentially unchanged. It was popularised in the 1960s with the release of Letraset sheets containing Lorem Ipsum passages, and more recently with desktop publishing software like Aldus PageMaker including versions of Lorem Ipsum.", "price": 10.0, "images": "photos/products/WhatsApp_Image_2022-02-03_at_8.39.04_PM_1.jpeg", "stock": 10, "is_available": true, "category": 7, "created_date": "2022-02-04T08:05:30.894Z", "modified_date": "2022-02-04T08:05:30.894Z"}}, {"model": "store.product", "pk": 9, "fields": {"product_name": "A3plus", "slug": "a3plus", "description": "Lorem Ipsum is simply dummy text of the printing and typesetting industry. Lorem Ipsum has been the industry's standard dummy text ever since the 1500s, when an unknown printer took a galley of type and scrambled it to make a type specimen book. It has survived not only five centuries, but also the leap into electronic typesetting, remaining essentially unchanged. It was popularised in the 1960s with the release of Letraset sheets containing Lorem Ipsum passages, and more recently with desktop publishing software like Aldus PageMaker including versions of Lorem Ipsum.", "price": 10.0, "images": "photos/products/WhatsApp_Image_2022-02-03_at_8.39.04_PM_2.jpeg", "stock": 16, "is_available": true, "category": 7, "created_date": "2022-02-04T08:06:01.370Z", "modified_date": "2022-02-04T16:02:34.064Z"}}, {"model": "store.product", "pk": 10, "fields": {"product_name": "60X100", "slug": "60x100", "description": "Lorem Ipsum is simply dummy text of the printing and typesetting industry. Lorem Ipsum has been the industry's standard dummy text ever since the 1500s, when an unknown printer took a galley of type and scrambled it to make a type specimen book. It has survived not only five centuries, but also the leap into electronic typesetting, remaining essentially unchanged. It was popularised in the 1960s with the release of Letraset sheets containing Lorem Ipsum passages, and more recently with desktop publishing software like Aldus PageMaker including versions of Lorem Ipsum.", "price": 13.0, "images": "photos/products/WhatsApp_Image_2022-02-03_at_8.39.04_PM.jpeg", "stock": 21, "is_available": true, "category": 7, "created_date": "2022-02-04T08:06:28.082Z", "modified_date": "2022-02-04T08:06:28.082Z"}}, {"model": "store.product", "pk": 11, "fields": {"product_name": "30X100", "slug": "30x100", "description": "", "price": 14.0, "images": "photos/products/WhatsApp_Image_2022-02-03_at_8.39.05_PM_1.jpeg", "stock": 32, "is_available": true, "category": 7, "created_date": "2022-02-04T08:06:55.115Z", "modified_date": "2022-02-04T08:06:55.115Z"}}, {"model": "store.product", "pk": 12, "fields": {"product_name": "33x100", "slug": "33x100", "description": "Lorem Ipsum is simply dummy text of the printing and typesetting industry. Lorem Ipsum has been the industry's standard dummy text ever since the 1500s, when an unknown printer took a galley of type and scrambled it to make a type specimen book. It has survived not only five centuries, but also the leap into electronic typesetting, remaining essentially unchanged. It was popularised in the 1960s with the release of Letraset sheets containing Lorem Ipsum passages, and more recently with desktop publishing software like Aldus PageMaker including versions of Lorem Ipsum.", "price": 15.0, "images": "photos/products/WhatsApp_Image_2022-02-03_at_8.39.05_PM_2.jpeg", "stock": 3, "is_available": true, "category": 7, "created_date": "2022-02-04T08:07:19.151Z", "modified_date": "2022-02-04T08:07:19.151Z"}}, {"model": "store.product", "pk": 13, "fields": {"product_name": "A4", "slug": "a4", "description": "Lorem Ipsum is simply dummy text of the printing and typesetting industry. Lorem Ipsum has been the industry's standard dummy text ever since the 1500s, when an unknown printer took a galley of type and scrambled it to make a type specimen book. It has survived not only five centuries, but also the leap into electronic typesetting, remaining essentially unchanged. It was popularised in the 1960s with the release of Letraset sheets containing Lorem Ipsum passages, and more recently with desktop publishing software like Aldus PageMaker including versions of Lorem Ipsum.", "price": 16.0, "images": "photos/products/WhatsApp_Image_2022-02-03_at_8.39.05_PM.jpeg", "stock": 23, "is_available": true, "category": 7, "created_date": "2022-02-04T08:07:59.139Z", "modified_date": "2022-02-04T08:07:59.139Z"}}, {"model": "store.product", "pk": 14, "fields": {"product_name": "cherny", "slug": "cherny", "description": "Lorem Ipsum is simply dummy text of the printing and typesetting industry. Lorem Ipsum has been the industry's standard dummy text ever since the 1500s, when an unknown printer took a galley of type and scrambled it to make a type specimen book. It has survived not only five centuries, but also the leap into electronic typesetting, remaining essentially unchanged. It was popularised in the 1960s with the release of Letraset sheets containing Lorem Ipsum passages, and more recently with desktop publishing software like Aldus PageMaker including versions of Lorem Ipsum.", "price": 17.0, "images": "photos/products/WhatsApp_Image_2022-02-03_at_8.41.26_PM.jpeg", "stock": 43, "is_available": true, "category": 8, "created_date": "2022-02-04T08:08:29.034Z", "modified_date": "2022-02-04T08:08:29.034Z"}}, {"model": "store.product", "pk": 15, "fields": {"product_name": "s kopcom", "slug": "s-kopcom", "description": "Lorem Ipsum is simply dummy text of the printing and typesetting industry. Lorem Ipsum has been the industry's standard dummy text ever since the 1500s, when an unknown printer took a galley of type and scrambled it to make a type specimen book. It has survived not only five centuries, but also the leap into electronic typesetting, remaining essentially unchanged. It was popularised in the 1960s with the release of Letraset sheets containing Lorem Ipsum passages, and more recently with desktop publishing software like Aldus PageMaker including versions of Lorem Ipsum.", "price": 18.0, "images": "photos/products/WhatsApp_Image_2022-02-03_at_8.45.58_PM.jpeg", "stock": 12, "is_available": true, "category": 8, "created_date": "2022-02-04T08:09:15.110Z", "modified_date": "2022-02-04T08:09:15.110Z"}}, {"model": "store.product", "pk": 16, "fields": {"product_name": "prasek", "slug": "prasek", "description": "Lorem Ipsum is simply dummy text of the printing and typesetting industry. Lorem Ipsum has been the industry's standard dummy text ever since the 1500s, when an unknown printer took a galley of type and scrambled it to make a type specimen book. It has survived not only five centuries, but also the leap into electronic typesetting, remaining essentially unchanged. It was popularised in the 1960s with the release of Letraset sheets containing Lorem Ipsum passages, and more recently with desktop publishing software like Aldus PageMaker including versions of Lorem Ipsum.", "price": 18.0, "images": "photos/products/WhatsApp_Image_2022-02-03_at_8.51.08_PM.jpeg", "stock": 12, "is_available": true, "category": 8, "created_date": "2022-02-04T08:09:38.026Z", "modified_date": "2022-02-04T08:09:38.026Z"}}, {"model": "store.product", "pk": 17, "fields": {"product_name": "cervena", "slug": "cervena", "description": "Lorem Ipsum is simply dummy text of the printing and typesetting industry. Lorem Ipsum has been the industry's standard dummy text ever since the 1500s, when an unknown printer took a galley of type and scrambled it to make a type specimen book. It has survived not only five centuries, but also the leap into electronic typesetting, remaining essentially unchanged. It was popularised in the 1960s with the release of Letraset sheets containing Lorem Ipsum passages, and more recently with desktop publishing software like Aldus PageMaker including versions of Lorem Ipsum.", "price": 18.0, "images": "photos/products/WhatsApp_Image_2022-02-03_at_10.16.43_PM_1.jpeg", "stock": 32, "is_available": true, "category": 6, "created_date": "2022-02-04T08:10:02.989Z", "modified_date": "2022-02-04T08:10:02.989Z"}}, {"model": "store.product", "pk": 18, "fields": {"product_name": "zlt", "slug": "zlt", "description": "Lorem Ipsum is simply dummy text of the printing and typesetting industry. Lorem Ipsum has been the industry's standard dummy text ever since the 1500s, when an unknown printer took a galley of type and scrambled it to make a type specimen book. It has survived not only five centuries, but also the leap into electronic typesetting, remaining essentially unchanged. It was popularised in the 1960s with the release of Letraset sheets containing Lorem Ipsum passages, and more recently with desktop publishing software like Aldus PageMaker including versions of Lorem Ipsum.", "price": 20.0, "images": "photos/products/WhatsApp_Image_2022-02-03_at_10.16.43_PM.jpeg", "stock": 122, "is_available": true, "category": 6, "created_date": "2022-02-04T08:10:39.972Z", "modified_date": "2022-02-04T08:10:39.972Z"}}, {"model": "store.product", "pk": 19, "fields": {"product_name": "cierna farba", "slug": "cierna-farba", "description": "Lorem Ipsum is simply dummy text of the printing and typesetting industry. Lorem Ipsum has been the industry's standard dummy text ever since the 1500s, when an unknown printer took a galley of type and scrambled it to make a type specimen book. It has survived not only five centuries, but also the leap into electronic typesetting, remaining essentially unchanged. It was popularised in the 1960s with the release of Letraset sheets containing Lorem Ipsum passages, and more recently with desktop publishing software like Aldus PageMaker including versions of Lorem Ipsum.", "price": 21.0, "images": "photos/products/WhatsApp_Image_2022-02-03_at_10.19.53_PM.jpeg", "stock": 3, "is_available": true, "category": 6, "created_date": "2022-02-04T08:11:11.898Z", "modified_date": "2022-02-04T08:11:11.898Z"}}, {"model": "store.product", "pk": 20, "fields": {"product_name": "biela farba", "slug": "biela-farba", "description": "Lorem Ipsum is simply dummy text of the printing and typesetting industry. Lorem Ipsum has been the industry's standard dummy text ever since the 1500s, when an unknown printer took a galley of type and scrambled it to make a type specimen book. It has survived not only five centuries, but also the leap into electronic typesetting, remaining essentially unchanged. It was popularised in the 1960s with the release of Letraset sheets containing Lorem Ipsum passages, and more recently with desktop publishing software like Aldus PageMaker including versions of Lorem Ipsum.", "price": 22.0, "images": "photos/products/WhatsApp_Image_2022-02-03_at_10.28.45_PM.jpeg", "stock": 43, "is_available": true, "category": 6, "created_date": "2022-02-04T08:11:44.345Z", "modified_date": "2022-02-04T08:11:44.345Z"}}, {"model": "store.product", "pk": 21, "fields": {"product_name": "modra", "slug": "modra", "description": "Lorem Ipsum is simply dummy text of the printing and typesetting industry. Lorem Ipsum has been the industry's standard dummy text ever since the 1500s, when an unknown printer took a galley of type and scrambled it to make a type specimen book. It has survived not only five centuries, but also the leap into electronic typesetting, remaining essentially unchanged. It was popularised in the 1960s with the release of Letraset sheets containing Lorem Ipsum passages, and more recently with desktop publishing software like Aldus PageMaker including versions of Lorem Ipsum.", "price": 22.0, "images": "photos/products/WhatsApp_Image_2022-02-03_at_10.32.24_PM.jpeg", "stock": 12, "is_available": true, "category": 6, "created_date": "2022-02-04T08:12:10.455Z", "modified_date": "2022-02-04T08:12:10.455Z"}}, {"model": "store.product", "pk": 22, "fields": {"product_name": "thing1", "slug": "thing1", "description": "Je obecn znmou vc, e lovk bv pi zkoumn grafickho nvrhu rozptylovn okolnm textem, pokud mu dv njak smysl. kolem Lorem Ipsum je pak nahradit klasick smyslupln text vhodnou bezvznamovou alternativou s relativn bnm rozloenm slov. To jej dl narozdl od opakujcho se \"Tady bude text. Tady bude text...\" mnohem vce itelnjm. V dnen dob je Lorem Ipsum pouvno spoustou DTP balk a webovch editor coby vchoz model vplovho textu. Ostatn si zkuste zadat frzi \"lorem ipsum\" do vyhledavae a sami uvidte. Bhem let se objevily rzn varianty a odvozeniny od klasickho Lorem Ipsum, nkdy nhodou, nkdy eln (nap. pro pobaven tene).", "price": 33.0, "images": "photos/products/WhatsApp_Image_2022-02-04_at_1.24.05_PM.jpeg", "stock": 12, "is_available": true, "category": 9, "created_date": "2022-02-06T03:52:21.459Z", "modified_date": "2022-02-06T03:52:21.460Z"}}, {"model": "store.product", "pk": 23, "fields": {"product_name": "thing 2", "slug": "thing-2", "description": "Je obecn znmou vc, e lovk bv pi zkoumn grafickho nvrhu rozptylovn okolnm textem, pokud mu dv njak smysl. kolem Lorem Ipsum je pak nahradit klasick smyslupln text vhodnou bezvznamovou alternativou s relativn bnm rozloenm slov. To jej dl narozdl od opakujcho se \"Tady bude text. Tady bude text...\" mnohem vce itelnjm. V dnen dob je Lorem Ipsum pouvno spoustou DTP balk a webovch editor coby vchoz model vplovho textu. Ostatn si zkuste zadat frzi \"lorem ipsum\" do vyhledavae a sami uvidte. Bhem let se objevily rzn varianty a odvozeniny od klasickho Lorem Ipsum, nkdy nhodou, nkdy eln (nap. pro pobaven tene).", "price": 2.0, "images": "photos/products/WhatsApp_Image_2022-02-04_at_1.24.11_PM.jpeg", "stock": 43, "is_available": true, "category": 9, "created_date": "2022-02-06T03:53:13.755Z", "modified_date": "2022-02-06T03:53:13.755Z"}}, {"model": "store.product", "pk": 24, "fields": {"product_name": "thing 3", "slug": "thing-3", "description": "Je obecn znmou vc, e lovk bv pi zkoumn grafickho nvrhu rozptylovn okolnm textem, pokud mu dv njak smysl. kolem Lorem Ipsum je pak nahradit klasick smyslupln text vhodnou bezvznamovou alternativou s relativn bnm rozloenm slov. To jej dl narozdl od opakujcho se \"Tady bude text. Tady bude text...\" mnohem vce itelnjm. V dnen dob je Lorem Ipsum pouvno spoustou DTP balk a webovch editor coby vchoz model vplovho textu. Ostatn si zkuste zadat frzi \"lorem ipsum\" do vyhledavae a sami uvidte. Bhem let se objevily rzn varianty a odvozeniny od klasickho Lorem Ipsum, nkdy nhodou, nkdy eln (nap. pro pobaven tene).", "price": 6.0, "images": "photos/products/WhatsApp_Image_2022-02-04_at_1.24.11_PM_1.jpeg", "stock": 32, "is_available": true, "category": 9, "created_date": "2022-02-06T03:53:37.290Z", "modified_date": "2022-02-06T03:53:37.291Z"}}, {"model": "store.product", "pk": 25, "fields": {"product_name": "thing 4", "slug": "thing-4", "description": "Je obecn znmou vc, e lovk bv pi zkoumn grafickho nvrhu rozptylovn okolnm textem, pokud mu dv njak smysl. kolem Lorem Ipsum je pak nahradit klasick smyslupln text vhodnou bezvznamovou alternativou s relativn bnm rozloenm slov. To jej dl narozdl od opakujcho se \"Tady bude text. Tady bude text...\" mnohem vce itelnjm. V dnen dob je Lorem Ipsum pouvno spoustou DTP balk a webovch editor coby vchoz model vplovho textu. Ostatn si zkuste zadat frzi \"lorem ipsum\" do vyhledavae a sami uvidte. Bhem let se objevily rzn varianty a odvozeniny od klasickho Lorem Ipsum, nkdy nhodou, nkdy eln (nap. pro pobaven tene).", "price": 13.53, "images": "photos/products/WhatsApp_Image_2022-02-04_at_1.28.03_PM.jpeg", "stock": 12, "is_available": true, "category": 9, "created_date": "2022-02-06T03:58:39.318Z", "modified_date": "2022-02-06T03:58:39.318Z"}}, {"model": "store.reviewrating", "pk": 1, "fields": {"user": 16, "subject": "test", "review": "eawbetr", "rating": 3.5, "ip": "127.0.0.1", "status": true, "created_date": "2022-01-31T06:25:55.692Z", "modified_date": "2022-01-31T06:31:24.288Z"}}, {"model": "store.reviewrating", "pk": 2, "fields": {"user": 18, "subject": "zegrecr", "review": "tetsertvce", "rating": 5.0, "ip": "ewtsrets", "status": true, "created_date": "2022-01-31T07:19:12.944Z", "modified_date": "2022-01-31T07:19:12.944Z"}}, {"model": "carts.cart", "pk": 66, "fields": {"cart_id": "pp4sc85qbaydrzq7bwtm068e0tf1aac4", "date_added": "2022-02-03T15:51:02.637Z"}}, {"model": "carts.cart", "pk": 67, "fields": {"cart_id": "qjyn54vadqa24ph0tua0t5n3omlsen6y", "date_added": "2022-02-03T15:51:59.859Z"}}, {"model": "carts.cart", "pk": 68, "fields": {"cart_id": "agttt07by49zkqe4ed2vjaab29g3t6l4", "date_added": "2022-02-05T12:24:31.445Z"}}, {"model": "orders.payment", "pk": 1, "fields": {"user": 16, "payment_id": "77U50072NY375125S", "payment_method": "paypal", "amount_paid": "259.2", "status": "COMPLETED", "created_at": "2022-02-02T12:00:44.329Z"}}, {"model": "orders.payment", "pk": 2, "fields": {"user": 16, "payment_id": "6D1565560B246731P", "payment_method": "paypal", "amount_paid": "259.2", "status": "COMPLETED", "created_at": "2022-02-02T12:04:10.207Z"}}, {"model": "orders.payment", "pk": 3, "fields": {"user": 16, "payment_id": "0S790176UR767901Y", "payment_method": "paypal", "amount_paid": "134.4", "status": "COMPLETED", "created_at": "2022-02-02T12:06:58.923Z"}}, {"model": "orders.payment", "pk": 4, "fields": {"user": 16, "payment_id": "5C184540F0616523M", "payment_method": "paypal", "amount_paid": "360.0", "status": "COMPLETED", "created_at": "2022-02-02T12:09:38.006Z"}}, {"model": "orders.payment", "pk": 5, "fields": {"user": 16, "payment_id": "8KS58934M4275171F", "payment_method": "paypal", "amount_paid": "134.4", "status": "COMPLETED", "created_at": "2022-02-02T12:21:00.870Z"}}, {"model": "orders.payment", "pk": 6, "fields": {"user": 1, "payment_id": "3MY30823RL715043W", "payment_method": "paypal", "amount_paid": "374.4", "status": "COMPLETED", "created_at": "2022-02-02T15:00:07.944Z"}}, {"model": "orders.payment", "pk": 7, "fields": {"user": 16, "payment_id": "6PC9974145571024F", "payment_method": "paypal", "amount_paid": "268.8", "status": "COMPLETED", "created_at": "2022-02-04T04:51:51.742Z"}}, {"model": "orders.payment", "pk": 8, "fields": {"user": 16, "payment_id": "0MT764182P643344A", "payment_method": "paypal", "amount_paid": "24.0", "status": "COMPLETED", "created_at": "2022-02-04T08:20:28.302Z"}}, {"model": "orders.payment", "pk": 9, "fields": {"user": 16, "payment_id": "3FX77054AY117923G", "payment_method": "paypal", "amount_paid": "24.0", "status": "COMPLETED", "created_at": "2022-02-04T16:02:33.646Z"}}, {"model": "orders.order", "pk": 140, "fields": {"user": 16, "payment": null, "order_number": "20220202140", "first_name": "Anastasia", "last_name": "Gamaley", "organization": "", "ico": "", "dic": "", "phone": "+421951247995", "email": "gamaley91@gmail.com", "address_line_1": "Pribovce 62", "address_line_2": "Pribovce 62", "country": "Slovensko", "city": "Prbovce", "post_code": "038 4", "order_note": "", "total": 162.0, "order_total": 194.4, "tax": 32.4, "status": "New", "ip": "127.0.0.1", "is_ordered": false, "created_at": "2022-02-02T07:17:06.906Z", "updated_at": "2022-02-02T07:17:07.324Z", "post_first_name": "", "post_last_name": "", "post_organization": "", "post_address_line_1": "", "post_address_line_2": "", "post_country": "", "post_city": "", "post_post_code": ""}}, {"model": "orders.order", "pk": 141, "fields": {"user": 16, "payment": null, "order_number": "20220202141", "first_name": "Anastasia", "last_name": "Gamaley", "organization": "", "ico": "", "dic": "", "phone": "+421951247995", "email": "gamaley91@gmail.com", "address_line_1": "Pribovce 62", "address_line_2": "Pribovce 62", "country": "Slovensko", "city": "Prbovce", "post_code": "038 4", "order_note": "", "total": 162.0, "order_total": 194.4, "tax": 32.4, "status": "New", "ip": "127.0.0.1", "is_ordered": false, "created_at": "2022-02-02T07:17:29.225Z", "updated_at": "2022-02-02T07:17:29.634Z", "post_first_name": "", "post_last_name": "", "post_organization": "", "post_address_line_1": "", "post_address_line_2": "", "post_country": "", "post_city": "", "post_post_code": ""}}, {"model": "orders.order", "pk": 142, "fields": {"user": 16, "payment": null, "order_number": "20220202142", "first_name": "Anastasia", "last_name": "Gamaley", "organization": "", "ico": "", "dic": "", "phone": "+421951247995", "email": "gamaley91@gmail.com", "address_line_1": "Pribovce 62", "address_line_2": "Pribovce 62", "country": "Slovensko", "city": "Prbovce", "post_code": "038 4", "order_note": "", "total": 162.0, "order_total": 194.4, "tax": 32.4, "status": "New", "ip": "127.0.0.1", "is_ordered": false, "created_at": "2022-02-02T07:21:25.201Z", "updated_at": "2022-02-02T07:21:25.615Z", "post_first_name": "", "post_last_name": "", "post_organization": "", "post_address_line_1": "", "post_address_line_2": "", "post_country": "", "post_city": "", "post_post_code": ""}}, {"model": "orders.order", "pk": 143, "fields": {"user": 16, "payment": null, "order_number": "20220202143", "first_name": "Anastasia", "last_name": "Gamaley", "organization": "", "ico": "", "dic": "", "phone": "+421951247995", "email": "gamaley91@gmail.com", "address_line_1": "Pribovce 62", "address_line_2": "Pribovce 62", "country": "Slovensko", "city": "Prbovce", "post_code": "038 4", "order_note": "", "total": 216.0, "order_total": 259.2, "tax": 43.2, "status": "New", "ip": "127.0.0.1", "is_ordered": false, "created_at": "2022-02-02T07:32:50.395Z", "updated_at": "2022-02-02T07:32:50.575Z", "post_first_name": "", "post_last_name": "", "post_organization": "", "post_address_line_1": "", "post_address_line_2": "", "post_country": "", "post_city": "", "post_post_code": ""}}, {"model": "orders.order", "pk": 144, "fields": {"user": 16, "payment": null, "order_number": "20220202144", "first_name": "Anastasia", "last_name": "Gamaley", "organization": "", "ico": "", "dic": "", "phone": "+421951247995", "email": "gamaley91@gmail.com", "address_line_1": "Pribovce 62", "address_line_2": "Pribovce 62", "country": "Slovensko", "city": "Prbovce", "post_code": "038 4", "order_note": "", "total": 216.0, "order_total": 259.2, "tax": 43.2, "status": "New", "ip": "127.0.0.1", "is_ordered": false, "created_at": "2022-02-02T07:38:49.336Z", "updated_at": "2022-02-02T07:38:49.489Z", "post_first_name": "", "post_last_name": "", "post_organization": "", "post_address_line_1": "", "post_address_line_2": "", "post_country": "", "post_city": "", "post_post_code": ""}}, {"model": "orders.order", "pk": 145, "fields": {"user": 16, "payment": null, "order_number": "20220202145", "first_name": "Anastasia", "last_name": "Gamaley", "organization": "", "ico": "", "dic": "", "phone": "+421951247995", "email": "gamaley91@gmail.com", "address_line_1": "Pribovce 62", "address_line_2": "Pribovce 62", "country": "Slovensko", "city": "Prbovce", "post_code": "038 4", "order_note": "", "total": 216.0, "order_total": 259.2, "tax": 43.2, "status": "New", "ip": "127.0.0.1", "is_ordered": false, "created_at": "2022-02-02T07:39:52.565Z", "updated_at": "2022-02-02T07:39:52.718Z", "post_first_name": "", "post_last_name": "", "post_organization": "", "post_address_line_1": "", "post_address_line_2": "", "post_country": "", "post_city": "", "post_post_code": ""}}, {"model": "orders.order", "pk": 146, "fields": {"user": 16, "payment": null, "order_number": "20220202146", "first_name": "Anastasia", "last_name": "Gamaley", "organization": "", "ico": "", "dic": "", "phone": "+421951247995", "email": "gamaley91@gmail.com", "address_line_1": "Pribovce 62", "address_line_2": "Pribovce 62", "country": "Slovensko", "city": "Prbovce", "post_code": "038 4", "order_note": "", "total": 216.0, "order_total": 259.2, "tax": 43.2, "status": "New", "ip": "127.0.0.1", "is_ordered": false, "created_at": "2022-02-02T10:34:40.646Z", "updated_at": "2022-02-02T10:34:41.036Z", "post_first_name": "", "post_last_name": "", "post_organization": "", "post_address_line_1": "", "post_address_line_2": "", "post_country": "", "post_city": "", "post_post_code": ""}}, {"model": "orders.order", "pk": 147, "fields": {"user": 16, "payment": null, "order_number": "20220202147", "first_name": "Anastasia", "last_name": "Gamaley", "organization": "", "ico": "", "dic": "", "phone": "+421951247995", "email": "gamaley91@gmail.com", "address_line_1": "Pribovce 62", "address_line_2": "Pribovce 62", "country": "Slovensko", "city": "Prbovce", "post_code": "038 4", "order_note": "", "total": 216.0, "order_total": 259.2, "tax": 43.2, "status": "New", "ip": "127.0.0.1", "is_ordered": false, "created_at": "2022-02-02T11:46:19.805Z", "updated_at": "2022-02-02T11:46:20.208Z", "post_first_name": "", "post_last_name": "", "post_organization": "", "post_address_line_1": "", "post_address_line_2": "", "post_country": "", "post_city": "", "post_post_code": ""}}, {"model": "orders.order", "pk": 148, "fields": {"user": 16, "payment": null, "order_number": "20220202148", "first_name": "Anastasia", "last_name": "Gamaley", "organization": "", "ico": "", "dic": "", "phone": "+421951247995", "email": "gamaley91@gmail.com", "address_line_1": "Pribovce 62", "address_line_2": "Pribovce 62", "country": "Slovensko", "city": "Prbovce", "post_code": "038 4", "order_note": "", "total": 216.0, "order_total": 259.2, "tax": 43.2, "status": "New", "ip": "127.0.0.1", "is_ordered": false, "created_at": "2022-02-02T11:55:01.071Z", "updated_at": "2022-02-02T11:55:01.457Z", "post_first_name": "", "post_last_name": "", "post_organization": "", "post_address_line_1": "", "post_address_line_2": "", "post_country": "", "post_city": "", "post_post_code": ""}}, {"model": "orders.order", "pk": 149, "fields": {"user": 16, "payment": null, "order_number": "20220202149", "first_name": "Anastasia", "last_name": "Gamaley", "organization": "", "ico": "", "dic": "", "phone": "+421951247995", "email": "gamaley91@gmail.com", "address_line_1": "Pribovce 62", "address_line_2": "Pribovce 62", "country": "Slovensko", "city": "Prbovce", "post_code": "038 4", "order_note": "", "total": 216.0, "order_total": 259.2, "tax": 43.2, "status": "New", "ip": "127.0.0.1", "is_ordered": false, "created_at": "2022-02-02T11:58:35.532Z", "updated_at": "2022-02-02T11:58:35.936Z", "post_first_name": "", "post_last_name": "", "post_organization": "", "post_address_line_1": "", "post_address_line_2": "", "post_country": "", "post_city": "", "post_post_code": ""}}, {"model": "orders.order", "pk": 150, "fields": {"user": 16, "payment": 1, "order_number": "20220202150", "first_name": "Anastasia", "last_name": "Gamaley", "organization": "", "ico": "", "dic": "", "phone": "+421951247995", "email": "gamaley91@gmail.com", "address_line_1": "Pribovce 62", "address_line_2": "Pribovce 62", "country": "Slovensko", "city": "Prbovce", "post_code": "038 4", "order_note": "", "total": 216.0, "order_total": 259.2, "tax": 43.2, "status": "New", "ip": "127.0.0.1", "is_ordered": true, "created_at": "2022-02-02T12:00:30.283Z", "updated_at": "2022-02-02T12:00:44.711Z", "post_first_name": "", "post_last_name": "", "post_organization": "", "post_address_line_1": "", "post_address_line_2": "", "post_country": "", "post_city": "", "post_post_code": ""}}, {"model": "orders.order", "pk": 151, "fields": {"user": 16, "payment": 2, "order_number": "20220202151", "first_name": "Anastasia", "last_name": "Gamaley", "organization": "", "ico": "", "dic": "", "phone": "+421951247995", "email": "gamaley91@gmail.com", "address_line_1": "Pribovce 62", "address_line_2": "Pribovce 62", "country": "Slovensko", "city": "Prbovce", "post_code": "038 4", "order_note": "", "total": 216.0, "order_total": 259.2, "tax": 43.2, "status": "New", "ip": "127.0.0.1", "is_ordered": true, "created_at": "2022-02-02T12:03:48.084Z", "updated_at": "2022-02-02T12:04:10.596Z", "post_first_name": "", "post_last_name": "", "post_organization": "", "post_address_line_1": "", "post_address_line_2": "", "post_country": "", "post_city": "", "post_post_code": ""}}, {"model": "orders.order", "pk": 152, "fields": {"user": 16, "payment": 3, "order_number": "20220202152", "first_name": "Anastasia", "last_name": "Gamaley", "organization": "", "ico": "", "dic": "", "phone": "+421951247995", "email": "gamaley91@gmail.com", "address_line_1": "Pribovce 62", "address_line_2": "Pribovce 62", "country": "Slovensko", "city": "Prbovce", "post_code": "038 4", "order_note": "", "total": 112.0, "order_total": 134.4, "tax": 22.4, "status": "New", "ip": "127.0.0.1", "is_ordered": true, "created_at": "2022-02-02T12:06:41.630Z", "updated_at": "2022-02-02T12:06:59.297Z", "post_first_name": "", "post_last_name": "", "post_organization": "", "post_address_line_1": "", "post_address_line_2": "", "post_country": "", "post_city": "", "post_post_code": ""}}, {"model": "orders.order", "pk": 153, "fields": {"user": 16, "payment": 4, "order_number": "20220202153", "first_name": "Anastasia", "last_name": "Gamaley", "organization": "", "ico": "", "dic": "", "phone": "+421951247995", "email": "gamaley91@gmail.com", "address_line_1": "Pribovce 62", "address_line_2": "Pribovce 62", "country": "Slovensko", "city": "Prbovce", "post_code": "038 4", "order_note": "", "total": 300.0, "order_total": 360.0, "tax": 60.0, "status": "New", "ip": "127.0.0.1", "is_ordered": true, "created_at": "2022-02-02T12:09:23.458Z", "updated_at": "2022-02-02T12:09:38.386Z", "post_first_name": "", "post_last_name": "", "post_organization": "", "post_address_line_1": "", "post_address_line_2": "", "post_country": "", "post_city": "", "post_post_code": ""}}, {"model": "orders.order", "pk": 154, "fields": {"user": 16, "payment": null, "order_number": "20220202154", "first_name": "Anastasia", "last_name": "Gamaley", "organization": "", "ico": "", "dic": "", "phone": "+421951247995", "email": "gamaley91@gmail.com", "address_line_1": "Pribovce 62", "address_line_2": "Pribovce 62", "country": "Slovensko", "city": "Prbovce", "post_code": "038 4", "order_note": "", "total": 112.0, "order_total": 134.4, "tax": 22.4, "status": "New", "ip": "127.0.0.1", "is_ordered": false, "created_at": "2022-02-02T12:16:15.830Z", "updated_at": "2022-02-02T12:16:16.218Z", "post_first_name": "", "post_last_name": "", "post_organization": "", "post_address_line_1": "", "post_address_line_2": "", "post_country": "", "post_city": "", "post_post_code": ""}}, {"model": "orders.order", "pk": 155, "fields": {"user": 16, "payment": 5, "order_number": "20220202155", "first_name": "Anastasia", "last_name": "Gamaley", "organization": "", "ico": "", "dic": "", "phone": "+421951247995", "email": "gamaley91@gmail.com", "address_line_1": "Pribovce 62", "address_line_2": "Pribovce 62", "country": "Slovensko", "city": "Prbovce", "post_code": "038 4", "order_note": "", "total": 112.0, "order_total": 134.4, "tax": 22.4, "status": "New", "ip": "127.0.0.1", "is_ordered": true, "created_at": "2022-02-02T12:20:31.263Z", "updated_at": "2022-02-02T12:21:01.228Z", "post_first_name": "", "post_last_name": "", "post_organization": "", "post_address_line_1": "", "post_address_line_2": "", "post_country": "", "post_city": "", "post_post_code": ""}}, {"model": "orders.order", "pk": 156, "fields": {"user": 16, "payment": null, "order_number": "20220202156", "first_name": "Anastasia", "last_name": "Gamaley", "organization": "", "ico": "", "dic": "", "phone": "+421951247995", "email": "gamaley91@gmail.com", "address_line_1": "Pribovce 62", "address_line_2": "Pribovce 62", "country": "Slovensko", "city": "Prbovce", "post_code": "038 4", "order_note": "", "total": 112.0, "order_total": 134.4, "tax": 22.4, "status": "New", "ip": "127.0.0.1", "is_ordered": false, "created_at": "2022-02-02T13:04:52.630Z", "updated_at": "2022-02-02T13:04:52.780Z", "post_first_name": "", "post_last_name": "", "post_organization": "", "post_address_line_1": "", "post_address_line_2": "", "post_country": "", "post_city": "", "post_post_code": ""}}, {"model": "orders.order", "pk": 157, "fields": {"user": 16, "payment": null, "order_number": "20220202157", "first_name": "Anastasia", "last_name": "Gamaley", "organization": "", "ico": "", "dic": "", "phone": "+421951247995", "email": "gamaley91@gmail.com", "address_line_1": "Pribovce 62", "address_line_2": "Pribovce 62", "country": "Slovensko", "city": "Prbovce", "post_code": "038 4", "order_note": "", "total": 112.0, "order_total": 134.4, "tax": 22.4, "status": "New", "ip": "127.0.0.1", "is_ordered": false, "created_at": "2022-02-02T13:08:16.914Z", "updated_at": "2022-02-02T13:08:17.061Z", "post_first_name": "", "post_last_name": "", "post_organization": "", "post_address_line_1": "", "post_address_line_2": "", "post_country": "", "post_city": "", "post_post_code": ""}}, {"model": "orders.order", "pk": 158, "fields": {"user": 16, "payment": null, "order_number": "20220202158", "first_name": "Anastasia", "last_name": "Gamaley", "organization": "", "ico": "", "dic": "", "phone": "+421951247995", "email": "gamaley91@gmail.com", "address_line_1": "Pribovce 62", "address_line_2": "Pribovce 62", "country": "Slovensko", "city": "Prbovce", "post_code": "038 4", "order_note": "", "total": 112.0, "order_total": 134.4, "tax": 22.4, "status": "New", "ip": "127.0.0.1", "is_ordered": false, "created_at": "2022-02-02T13:08:31.665Z", "updated_at": "2022-02-02T13:08:31.828Z", "post_first_name": "", "post_last_name": "", "post_organization": "", "post_address_line_1": "", "post_address_line_2": "", "post_country": "", "post_city": "", "post_post_code": ""}}, {"model": "orders.order", "pk": 159, "fields": {"user": 16, "payment": null, "order_number": "20220202159", "first_name": "Anastasia", "last_name": "Gamaley", "organization": "", "ico": "", "dic": "", "phone": "+421951247995", "email": "gamaley91@gmail.com", "address_line_1": "Pribovce 62", "address_line_2": "Pribovce 62", "country": "Slovensko", "city": "Prbovce", "post_code": "038 4", "order_note": "", "total": 112.0, "order_total": 134.4, "tax": 22.4, "status": "New", "ip": "127.0.0.1", "is_ordered": false, "created_at": "2022-02-02T13:13:43.903Z", "updated_at": "2022-02-02T13:13:44.300Z", "post_first_name": "", "post_last_name": "", "post_organization": "", "post_address_line_1": "", "post_address_line_2": "", "post_country": "", "post_city": "", "post_post_code": ""}}, {"model": "orders.order", "pk": 160, "fields": {"user": 1, "payment": null, "order_number": "20220202160", "first_name": "Anastasia", "last_name": "Gamaley", "organization": "", "ico": "", "dic": "", "phone": "+421951247995", "email": "gamaley91@gmail.com", "address_line_1": "Pribovce 62", "address_line_2": "Pribovce 62", "country": "Slovensko", "city": "Prbovce", "post_code": "038 4", "order_note": "", "total": 200.0, "order_total": 240.0, "tax": 40.0, "status": "New", "ip": "127.0.0.1", "is_ordered": false, "created_at": "2022-02-02T14:59:04.748Z", "updated_at": "2022-02-02T14:59:04.911Z", "post_first_name": "", "post_last_name": "", "post_organization": "", "post_address_line_1": "", "post_address_line_2": "", "post_country": "", "post_city": "", "post_post_code": ""}}, {"model": "orders.order", "pk": 161, "fields": {"user": 1, "payment": 6, "order_number": "20220202161", "first_name": "Anastasia", "last_name": "Gamaley", "organization": "", "ico": "", "dic": "", "phone": "+421951247995", "email": "gamaley91@gmail.com", "address_line_1": "Pribovce 62", "address_line_2": "Pribovce 62", "country": "Slovensko", "city": "Prbovce", "post_code": "038 4", "order_note": "", "total": 312.0, "order_total": 374.4, "tax": 62.4, "status": "New", "ip": "127.0.0.1", "is_ordered": true, "created_at": "2022-02-02T14:59:46.331Z", "updated_at": "2022-02-02T15:00:08.054Z", "post_first_name": "", "post_last_name": "", "post_organization": "", "post_address_line_1": "", "post_address_line_2": "", "post_country": "", "post_city": "", "post_post_code": ""}}, {"model": "orders.order", "pk": 162, "fields": {"user": 16, "payment": null, "order_number": "20220204162", "first_name": "Anastasia", "last_name": "Gamaley", "organization": "", "ico": "", "dic": "", "phone": "+421951247995", "email": "gamaley91@gmail.com", "address_line_1": "Pribovce 62", "address_line_2": "Pribovce 62", "country": "Slovensko", "city": "Prbovce", "post_code": "038 4", "order_note": "", "total": 224.0, "order_total": 268.8, "tax": 44.8, "status": "New", "ip": "127.0.0.1", "is_ordered": false, "created_at": "2022-02-04T04:49:14.906Z", "updated_at": "2022-02-04T04:49:15.294Z", "post_first_name": "", "post_last_name": "", "post_organization": "", "post_address_line_1": "", "post_address_line_2": "", "post_country": "", "post_city": "", "post_post_code": ""}}, {"model": "orders.order", "pk": 163, "fields": {"user": 16, "payment": 7, "order_number": "20220204163", "first_name": "Anastasia", "last_name": "Gamaley", "organization": "", "ico": "", "dic": "", "phone": "+421951247995", "email": "gamaley91@gmail.com", "address_line_1": "Pribovce 62", "address_line_2": "Pribovce 62", "country": "Slovensko", "city": "Prbovce", "post_code": "038 4", "order_note": "", "total": 224.0, "order_total": 268.8, "tax": 44.8, "status": "New", "ip": "127.0.0.1", "is_ordered": true, "created_at": "2022-02-04T04:51:17.486Z", "updated_at": "2022-02-04T04:51:52.131Z", "post_first_name": "", "post_last_name": "", "post_organization": "", "post_address_line_1": "", "post_address_line_2": "", "post_country": "", "post_city": "", "post_post_code": ""}}, {"model": "orders.order", "pk": 164, "fields": {"user": 16, "payment": 8, "order_number": "20220204164", "first_name": "Anastasia", "last_name": "Gamaley", "organization": "", "ico": "", "dic": "", "phone": "+421951247995", "email": "gamaley91@gmail.com", "address_line_1": "Pribovce 62", "address_line_2": "Pribovce 62", "country": "Slovensko", "city": "Prbovce", "post_code": "038 4", "order_note": "", "total": 20.0, "order_total": 24.0, "tax": 4.0, "status": "New", "ip": "127.0.0.1", "is_ordered": true, "created_at": "2022-02-04T08:19:56.834Z", "updated_at": "2022-02-04T08:20:28.692Z", "post_first_name": "", "post_last_name": "", "post_organization": "", "post_address_line_1": "", "post_address_line_2": "", "post_country": "", "post_city": "", "post_post_code": ""}}, {"model": "orders.order", "pk": 165, "fields": {"user": 16, "payment": 9, "order_number": "20220204165", "first_name": "Anastasia", "last_name": "Gamaley", "organization": "", "ico": "", "dic": "", "phone": "+421951247995", "email": "gamaley91@gmail.com", "address_line_1": "Pribovce 62", "address_line_2": "Pribovce 62", "country": "Slovensko", "city": "Prbovce", "post_code": "038 4", "order_note": "", "total": 20.0, "order_total": 24.0, "tax": 4.0, "status": "New", "ip": "127.0.0.1", "is_ordered": true, "created_at": "2022-02-04T16:02:11.335Z", "updated_at": "2022-02-04T16:02:33.764Z", "post_first_name": "", "post_last_name": "", "post_organization": "", "post_address_line_1": "", "post_address_line_2": "", "post_country": "", "post_city": "", "post_post_code": ""}}, {"model": "orders.order", "pk": 166, "fields": {"user": 1, "payment": null, "order_number": "20220206166", "first_name": "Anastasia", "last_name": "Gamaley", "organization": "", "ico": "", "dic": "", "phone": "+421951247995", "email": "gamaley91@gmail.com", "address_line_1": "Pribovce 62", "address_line_2": "Pribovce 62", "country": "Slovensko", "city": "Prbovce", "post_code": "038 4", "order_note": "", "total": 13.53, "order_total": 16.24, "tax": 2.71, "status": "New", "ip": "127.0.0.1", "is_ordered": false, "created_at": "2022-02-06T04:04:14.409Z", "updated_at": "2022-02-06T04:04:14.541Z", "post_first_name": "", "post_last_name": "", "post_organization": "", "post_address_line_1": "", "post_address_line_2": "", "post_country": "", "post_city": "", "post_post_code": ""}}, {"model": "orders.order", "pk": 167, "fields": {"user": 1, "payment": null, "order_number": "20220206167", "first_name": "Anastasia", "last_name": "Gamaley", "organization": "", "ico": "", "dic": "", "phone": "+421951247995", "email": "gamaley91@gmail.com", "address_line_1": "Pribovce 62", "address_line_2": "Pribovce 62", "country": "Slovensko", "city": "Prbovce", "post_code": "038 4", "order_note": "", "total": 13.53, "order_total": 16.24, "tax": 2.71, "status": "New", "ip": "127.0.0.1", "is_ordered": false, "created_at": "2022-02-06T04:05:30.350Z", "updated_at": "2022-02-06T04:05:30.502Z", "post_first_name": "", "post_last_name": "", "post_organization": "", "post_address_line_1": "", "post_address_line_2": "", "post_country": "", "post_city": "", "post_post_code": ""}}, {"model": "orders.orderproduct", "pk": 10, "fields": {"order": 164, "payment": 8, "user": 16, "product": 9, "quantity": 2, "product_price": 10.0, "ordered": true, "created_at": "2022-02-04T08:20:28.838Z", "updated_at": "2022-02-04T08:20:28.839Z"}}, {"model": "orders.orderproduct", "pk": 11, "fields": {"order": 165, "payment": 9, "user": 16, "product": 9, "quantity": 2, "product_price": 10.0, "ordered": true, "created_at": "2022-02-04T16:02:33.933Z", "updated_at": "2022-02-04T16:02:33.933Z"}}, {"model": "admin_honeypot.loginattempt", "pk": 1, "fields": {"username": "andrt", "ip_address": "127.0.0.1", "session_key": "0i02tiltc3d23cfxb454kaahx1e2bbn1", "user_agent": "Mozilla/5.0 (Windows NT 10.0; Win64; x64) AppleWebKit/537.36 (KHTML, like Gecko) Chrome/98.0.4758.81 Safari/537.36", "timestamp": "2022-02-05T04:33:31.027Z", "path": "/admin/login/?next=/admin/"}}]